instant,dteday,season,yr,mnth,holiday,weekday,workingday,weathersit,temp,atemp,hum,windspeed,casual,registered,cnt,season_name,weather_name,year_name,weekday_name,temp_c,atemp_c,hum_pct,windspeed_kmh,temp_group
1,2011-01-01,1,0,1,0,6,0,2,0.344167,0.363625,0.805833,0.160446,331,654,985,Spring,Mist/Cloudy,2011,Sat,14.11,18.18,80.58,10.75,Mild (12-22°C)
2,2011-01-02,1,0,1,0,0,0,2,0.363478,0.353739,0.696087,0.248539,131,670,801,Spring,Mist/Cloudy,2011,Sun,14.9,17.69,69.61,16.65,Mild (12-22°C)
3,2011-01-03,1,0,1,0,1,1,1,0.196364,0.189405,0.437273,0.248309,120,1229,1349,Spring,Clear/Partly Cloudy,2011,Mon,8.05,9.47,43.73,16.64,Cold (<12°C)
4,2011-01-04,1,0,1,0,2,1,1,0.2,0.212122,0.590435,0.160296,108,1454,1562,Spring,Clear/Partly Cloudy,2011,Tue,8.2,10.61,59.04,10.74,Cold (<12°C)
5,2011-01-05,1,0,1,0,3,1,1,0.226957,0.22927,0.436957,0.1869,82,1518,1600,Spring,Clear/Partly Cloudy,2011,Wed,9.31,11.46,43.7,12.52,Cold (<12°C)
6,2011-01-06,1,0,1,0,4,1,1,0.204348,0.233209,0.518261,0.0895652,88,1518,1606,Spring,Clear/Partly Cloudy,2011,Thu,8.38,11.66,51.83,6.0,Cold (<12°C)
7,2011-01-07,1,0,1,0,5,1,2,0.196522,0.208839,0.498696,0.168726,148,1362,1510,Spring,Mist/Cloudy,2011,Fri,8.06,10.44,49.87,11.3,Cold (<12°C)
8,2011-01-08,1,0,1,0,6,0,2,0.165,0.162254,0.535833,0.266804,68,891,959,Spring,Mist/Cloudy,2011,Sat,6.76,8.11,53.58,17.88,Cold (<12°C)
9,2011-01-09,1,0,1,0,0,0,1,0.138333,0.116175,0.434167,0.36195,54,768,822,Spring,Clear/Partly Cloudy,2011,Sun,5.67,5.81,43.42,24.25,Cold (<12°C)
10,2011-01-10,1,0,1,0,1,1,1,0.150833,0.150888,0.482917,0.223267,41,1280,1321,Spring,Clear/Partly Cloudy,2011,Mon,6.18,7.54,48.29,14.96,Cold (<12°C)
11,2011-01-11,1,0,1,0,2,1,2,0.169091,0.191464,0.686364,0.122132,43,1220,1263,Spring,Mist/Cloudy,2011,Tue,6.93,9.57,68.64,8.18,Cold (<12°C)
12,2011-01-12,1,0,1,0,3,1,1,0.172727,0.160473,0.599545,0.304627,25,1137,1162,Spring,Clear/Partly Cloudy,2011,Wed,7.08,8.02,59.95,20.41,Cold (<12°C)
13,2011-01-13,1,0,1,0,4,1,1,0.165,0.150883,0.470417,0.301,38,1368,1406,Spring,Clear/Partly Cloudy,2011,Thu,6.76,7.54,47.04,20.17,Cold (<12°C)
14,2011-01-14,1,0,1,0,5,1,1,0.16087,0.188413,0.537826,0.126548,54,1367,1421,Spring,Clear/Partly Cloudy,2011,Fri,6.6,9.42,53.78,8.48,Cold (<12°C)
15,2011-01-15,1,0,1,0,6,0,2,0.233333,0.248112,0.49875,0.157963,222,1026,1248,Spring,Mist/Cloudy,2011,Sat,9.57,12.41,49.88,10.58,Cold (<12°C)
16,2011-01-16,1,0,1,0,0,0,1,0.231667,0.234217,0.48375,0.188433,251,953,1204,Spring,Clear/Partly Cloudy,2011,Sun,9.5,11.71,48.38,12.63,Cold (<12°C)
17,2011-01-17,1,0,1,1,1,0,2,0.175833,0.176771,0.5375,0.194017,117,883,1000,Spring,Mist/Cloudy,2011,Mon,7.21,8.84,53.75,13.0,Cold (<12°C)
18,2011-01-18,1,0,1,0,2,1,2,0.216667,0.232333,0.861667,0.146775,9,674,683,Spring,Mist/Cloudy,2011,Tue,8.88,11.62,86.17,9.83,Cold (<12°C)
19,2011-01-19,1,0,1,0,3,1,2,0.292174,0.298422,0.741739,0.208317,78,1572,1650,Spring,Mist/Cloudy,2011,Wed,11.98,14.92,74.17,13.96,Cold (<12°C)
20,2011-01-20,1,0,1,0,4,1,2,0.261667,0.25505,0.538333,0.195904,83,1844,1927,Spring,Mist/Cloudy,2011,Thu,10.73,12.75,53.83,13.13,Cold (<12°C)
21,2011-01-21,1,0,1,0,5,1,1,0.1775,0.157833,0.457083,0.353242,75,1468,1543,Spring,Clear/Partly Cloudy,2011,Fri,7.28,7.89,45.71,23.67,Cold (<12°C)
22,2011-01-22,1,0,1,0,6,0,1,0.0591304,0.0790696,0.4,0.17197,93,888,981,Spring,Clear/Partly Cloudy,2011,Sat,2.42,3.95,40.0,11.52,Cold (<12°C)
23,2011-01-23,1,0,1,0,0,0,1,0.0965217,0.0988391,0.436522,0.2466,150,836,986,Spring,Clear/Partly Cloudy,2011,Sun,3.96,4.94,43.65,16.52,Cold (<12°C)
24,2011-01-24,1,0,1,0,1,1,1,0.0973913,0.11793,0.491739,0.15833,86,1330,1416,Spring,Clear/Partly Cloudy,2011,Mon,3.99,5.9,49.17,10.61,Cold (<12°C)
25,2011-01-25,1,0,1,0,2,1,2,0.223478,0.234526,0.616957,0.129796,186,1799,1985,Spring,Mist/Cloudy,2011,Tue,9.16,11.73,61.7,8.7,Cold (<12°C)
26,2011-01-26,1,0,1,0,3,1,3,0.2175,0.2036,0.8625,0.29385,34,472,506,Spring,Light Snow/Rain,2011,Wed,8.92,10.18,86.25,19.69,Cold (<12°C)
27,2011-01-27,1,0,1,0,4,1,1,0.195,0.2197,0.6875,0.113837,15,416,431,Spring,Clear/Partly Cloudy,2011,Thu,8.0,10.98,68.75,7.63,Cold (<12°C)
28,2011-01-28,1,0,1,0,5,1,2,0.203478,0.223317,0.793043,0.1233,38,1129,1167,Spring,Mist/Cloudy,2011,Fri,8.34,11.17,79.3,8.26,Cold (<12°C)
29,2011-01-29,1,0,1,0,6,0,1,0.196522,0.212126,0.651739,0.145365,123,975,1098,Spring,Clear/Partly Cloudy,2011,Sat,8.06,10.61,65.17,9.74,Cold (<12°C)
30,2011-01-30,1,0,1,0,0,0,1,0.216522,0.250322,0.722174,0.0739826,140,956,1096,Spring,Clear/Partly Cloudy,2011,Sun,8.88,12.52,72.22,4.96,Cold (<12°C)
31,2011-01-31,1,0,1,0,1,1,2,0.180833,0.18625,0.60375,0.187192,42,1459,1501,Spring,Mist/Cloudy,2011,Mon,7.41,9.31,60.38,12.54,Cold (<12°C)
32,2011-02-01,1,0,2,0,2,1,2,0.192174,0.23453,0.829565,0.053213,47,1313,1360,Spring,Mist/Cloudy,2011,Tue,7.88,11.73,82.96,3.57,Cold (<12°C)
33,2011-02-02,1,0,2,0,3,1,2,0.26,0.254417,0.775417,0.264308,72,1454,1526,Spring,Mist/Cloudy,2011,Wed,10.66,12.72,77.54,17.71,Cold (<12°C)
34,2011-02-03,1,0,2,0,4,1,1,0.186957,0.177878,0.437826,0.277752,61,1489,1550,Spring,Clear/Partly Cloudy,2011,Thu,7.67,8.89,43.78,18.61,Cold (<12°C)
35,2011-02-04,1,0,2,0,5,1,2,0.211304,0.228587,0.585217,0.127839,88,1620,1708,Spring,Mist/Cloudy,2011,Fri,8.66,11.43,58.52,8.57,Cold (<12°C)
36,2011-02-05,1,0,2,0,6,0,2,0.233333,0.243058,0.929167,0.161079,100,905,1005,Spring,Mist/Cloudy,2011,Sat,9.57,12.15,92.92,10.79,Cold (<12°C)
37,2011-02-06,1,0,2,0,0,0,1,0.285833,0.291671,0.568333,0.1418,354,1269,1623,Spring,Clear/Partly Cloudy,2011,Sun,11.72,14.58,56.83,9.5,Cold (<12°C)
38,2011-02-07,1,0,2,0,1,1,1,0.271667,0.303658,0.738333,0.0454083,120,1592,1712,Spring,Clear/Partly Cloudy,2011,Mon,11.14,15.18,73.83,3.04,Cold (<12°C)
39,2011-02-08,1,0,2,0,2,1,1,0.220833,0.198246,0.537917,0.36195,64,1466,1530,Spring,Clear/Partly Cloudy,2011,Tue,9.05,9.91,53.79,24.25,Cold (<12°C)
40,2011-02-09,1,0,2,0,3,1,2,0.134783,0.144283,0.494783,0.188839,53,1552,1605,Spring,Mist/Cloudy,2011,Wed,5.53,7.21,49.48,12.65,Cold (<12°C)
41,2011-02-10,1,0,2,0,4,1,1,0.144348,0.149548,0.437391,0.221935,47,1491,1538,Spring,Clear/Partly Cloudy,2011,Thu,5.92,7.48,43.74,14.87,Cold (<12°C)
42,2011-02-11,1,0,2,0,5,1,1,0.189091,0.213509,0.506364,0.10855,149,1597,1746,Spring,Clear/Partly Cloudy,2011,Fri,7.75,10.68,50.64,7.27,Cold (<12°C)
43,2011-02-12,1,0,2,0,6,0,1,0.2225,0.232954,0.544167,0.203367,288,1184,1472,Spring,Clear/Partly Cloudy,2011,Sat,9.12,11.65,54.42,13.63,Cold (<12°C)
44,2011-02-13,1,0,2,0,0,0,1,0.316522,0.324113,0.457391,0.260883,397,1192,1589,Spring,Clear/Partly Cloudy,2011,Sun,12.98,16.21,45.74,17.48,Mild (12-22°C)
45,2011-02-14,1,0,2,0,1,1,1,0.415,0.39835,0.375833,0.417908,208,1705,1913,Spring,Clear/Partly Cloudy,2011,Mon,17.02,19.92,37.58,28.0,Mild (12-22°C)
46,2011-02-15,1,0,2,0,2,1,1,0.266087,0.254274,0.314348,0.291374,140,1675,1815,Spring,Clear/Partly Cloudy,2011,Tue,10.91,12.71,31.43,19.52,Cold (<12°C)
47,2011-02-16,1,0,2,0,3,1,1,0.318261,0.3162,0.423478,0.251791,218,1897,2115,Spring,Clear/Partly Cloudy,2011,Wed,13.05,15.81,42.35,16.87,Mild (12-22°C)
48,2011-02-17,1,0,2,0,4,1,1,0.435833,0.428658,0.505,0.230104,259,2216,2475,Spring,Clear/Partly Cloudy,2011,Thu,17.87,21.43,50.5,15.42,Mild (12-22°C)
49,2011-02-18,1,0,2,0,5,1,1,0.521667,0.511983,0.516667,0.264925,579,2348,2927,Spring,Clear/Partly Cloudy,2011,Fri,21.39,25.6,51.67,17.75,Mild (12-22°C)
50,2011-02-19,1,0,2,0,6,0,1,0.399167,0.391404,0.187917,0.507463,532,1103,1635,Spring,Clear/Partly Cloudy,2011,Sat,16.37,19.57,18.79,34.0,Mild (12-22°C)
51,2011-02-20,1,0,2,0,0,0,1,0.285217,0.27733,0.407826,0.223235,639,1173,1812,Spring,Clear/Partly Cloudy,2011,Sun,11.69,13.87,40.78,14.96,Cold (<12°C)
52,2011-02-21,1,0,2,1,1,0,2,0.303333,0.284075,0.605,0.307846,195,912,1107,Spring,Mist/Cloudy,2011,Mon,12.44,14.2,60.5,20.63,Mild (12-22°C)
53,2011-02-22,1,0,2,0,2,1,1,0.182222,0.186033,0.577778,0.195683,74,1376,1450,Spring,Clear/Partly Cloudy,2011,Tue,7.47,9.3,57.78,13.11,Cold (<12°C)
54,2011-02-23,1,0,2,0,3,1,1,0.221739,0.245717,0.423043,0.094113,139,1778,1917,Spring,Clear/Partly Cloudy,2011,Wed,9.09,12.29,42.3,6.31,Cold (<12°C)
55,2011-02-24,1,0,2,0,4,1,2,0.295652,0.289191,0.697391,0.250496,100,1707,1807,Spring,Mist/Cloudy,2011,Thu,12.12,14.46,69.74,16.78,Mild (12-22°C)
56,2011-02-25,1,0,2,0,5,1,2,0.364348,0.350461,0.712174,0.346539,120,1341,1461,Spring,Mist/Cloudy,2011,Fri,14.94,17.52,71.22,23.22,Mild (12-22°C)
57,2011-02-26,1,0,2,0,6,0,1,0.2825,0.282192,0.537917,0.186571,424,1545,1969,Spring,Clear/Partly Cloudy,2011,Sat,11.58,14.11,53.79,12.5,Cold (<12°C)
58,2011-02-27,1,0,2,0,0,0,1,0.343478,0.351109,0.68,0.125248,694,1708,2402,Spring,Clear/Partly Cloudy,2011,Sun,14.08,17.56,68.0,8.39,Mild (12-22°C)
59,2011-02-28,1,0,2,0,1,1,2,0.407273,0.400118,0.876364,0.289686,81,1365,1446,Spring,Mist/Cloudy,2011,Mon,16.7,20.01,87.64,19.41,Mild (12-22°C)
60,2011-03-01,1,0,3,0,2,1,1,0.266667,0.263879,0.535,0.216425,137,1714,1851,Spring,Clear/Partly Cloudy,2011,Tue,10.93,13.19,53.5,14.5,Cold (<12°C)
61,2011-03-02,1,0,3,0,3,1,1,0.335,0.320071,0.449583,0.307833,231,1903,2134,Spring,Clear/Partly Cloudy,2011,Wed,13.74,16.0,44.96,20.62,Mild (12-22°C)
62,2011-03-03,1,0,3,0,4,1,1,0.198333,0.200133,0.318333,0.225754,123,1562,1685,Spring,Clear/Partly Cloudy,2011,Thu,8.13,10.01,31.83,15.13,Cold (<12°C)
63,2011-03-04,1,0,3,0,5,1,2,0.261667,0.255679,0.610417,0.203346,214,1730,1944,Spring,Mist/Cloudy,2011,Fri,10.73,12.78,61.04,13.62,Cold (<12°C)
64,2011-03-05,1,0,3,0,6,0,2,0.384167,0.378779,0.789167,0.251871,640,1437,2077,Spring,Mist/Cloudy,2011,Sat,15.75,18.94,78.92,16.88,Mild (12-22°C)
65,2011-03-06,1,0,3,0,0,0,2,0.376522,0.366252,0.948261,0.343287,114,491,605,Spring,Mist/Cloudy,2011,Sun,15.44,18.31,94.83,23.0,Mild (12-22°C)
66,2011-03-07,1,0,3,0,1,1,1,0.261739,0.238461,0.551304,0.341352,244,1628,1872,Spring,Clear/Partly Cloudy,2011,Mon,10.73,11.92,55.13,22.87,Cold (<12°C)
67,2011-03-08,1,0,3,0,2,1,1,0.2925,0.3024,0.420833,0.12065,316,1817,2133,Spring,Clear/Partly Cloudy,2011,Tue,11.99,15.12,42.08,8.08,Cold (<12°C)
68,2011-03-09,1,0,3,0,3,1,2,0.295833,0.286608,0.775417,0.22015,191,1700,1891,Spring,Mist/Cloudy,2011,Wed,12.13,14.33,77.54,14.75,Mild (12-22°C)
69,2011-03-10,1,0,3,0,4,1,3,0.389091,0.385668,0.0,0.261877,46,577,623,Spring,Light Snow/Rain,2011,Thu,15.95,19.28,0.0,17.55,Mild (12-22°C)
70,2011-03-11,1,0,3,0,5,1,2,0.316522,0.305,0.649565,0.23297,247,1730,1977,Spring,Mist/Cloudy,2011,Fri,12.98,15.25,64.96,15.61,Mild (12-22°C)
71,2011-03-12,1,0,3,0,6,0,1,0.329167,0.32575,0.594583,0.220775,724,1408,2132,Spring,Clear/Partly Cloudy,2011,Sat,13.5,16.29,59.46,14.79,Mild (12-22°C)
72,2011-03-13,1,0,3,0,0,0,1,0.384348,0.380091,0.527391,0.270604,982,1435,2417,Spring,Clear/Partly Cloudy,2011,Sun,15.76,19.0,52.74,18.13,Mild (12-22°C)
73,2011-03-14,1,0,3,0,1,1,1,0.325217,0.332,0.496957,0.136926,359,1687,2046,Spring,Clear/Partly Cloudy,2011,Mon,13.33,16.6,49.7,9.17,Mild (12-22°C)
74,2011-03-15,1,0,3,0,2,1,2,0.317391,0.318178,0.655652,0.184309,289,1767,2056,Spring,Mist/Cloudy,2011,Tue,13.01,15.91,65.57,12.35,Mild (12-22°C)
75,2011-03-16,1,0,3,0,3,1,2,0.365217,0.36693,0.776522,0.203117,321,1871,2192,Spring,Mist/Cloudy,2011,Wed,14.97,18.35,77.65,13.61,Mild (12-22°C)
76,2011-03-17,1,0,3,0,4,1,1,0.415,0.410333,0.602917,0.209579,424,2320,2744,Spring,Clear/Partly Cloudy,2011,Thu,17.02,20.52,60.29,14.04,Mild (12-22°C)
77,2011-03-18,1,0,3,0,5,1,1,0.54,0.527009,0.525217,0.231017,884,2355,3239,Spring,Clear/Partly Cloudy,2011,Fri,22.14,26.35,52.52,15.48,Warm (>22°C)
78,2011-03-19,1,0,3,0,6,0,1,0.4725,0.466525,0.379167,0.368167,1424,1693,3117,Spring,Clear/Partly Cloudy,2011,Sat,19.37,23.33,37.92,24.67,Mild (12-22°C)
79,2011-03-20,1,0,3,0,0,0,1,0.3325,0.32575,0.47375,0.207721,1047,1424,2471,Spring,Clear/Partly Cloudy,2011,Sun,13.63,16.29,47.38,13.92,Mild (12-22°C)
80,2011-03-21,2,0,3,0,1,1,2,0.430435,0.409735,0.737391,0.288783,401,1676,2077,Summer,Mist/Cloudy,2011,Mon,17.65,20.49,73.74,19.35,Mild (12-22°C)
81,2011-03-22,2,0,3,0,2,1,1,0.441667,0.440642,0.624583,0.22575,460,2243,2703,Summer,Clear/Partly Cloudy,2011,Tue,18.11,22.03,62.46,15.13,Mild (12-22°C)
82,2011-03-23,2,0,3,0,3,1,2,0.346957,0.337939,0.839565,0.234261,203,1918,2121,Summer,Mist/Cloudy,2011,Wed,14.23,16.9,83.96,15.7,Mild (12-22°C)
83,2011-03-24,2,0,3,0,4,1,2,0.285,0.270833,0.805833,0.243787,166,1699,1865,Summer,Mist/Cloudy,2011,Thu,11.68,13.54,80.58,16.33,Cold (<12°C)
84,2011-03-25,2,0,3,0,5,1,1,0.264167,0.256312,0.495,0.230725,300,1910,2210,Summer,Clear/Partly Cloudy,2011,Fri,10.83,12.82,49.5,15.46,Cold (<12°C)
85,2011-03-26,2,0,3,0,6,0,1,0.265833,0.257571,0.394167,0.209571,981,1515,2496,Summer,Clear/Partly Cloudy,2011,Sat,10.9,12.88,39.42,14.04,Cold (<12°C)
86,2011-03-27,2,0,3,0,0,0,2,0.253043,0.250339,0.493913,0.1843,472,1221,1693,Summer,Mist/Cloudy,2011,Sun,10.37,12.52,49.39,12.35,Cold (<12°C)
87,2011-03-28,2,0,3,0,1,1,1,0.264348,0.257574,0.302174,0.212204,222,1806,2028,Summer,Clear/Partly Cloudy,2011,Mon,10.84,12.88,30.22,14.22,Cold (<12°C)
88,2011-03-29,2,0,3,0,2,1,1,0.3025,0.292908,0.314167,0.226996,317,2108,2425,Summer,Clear/Partly Cloudy,2011,Tue,12.4,14.65,31.42,15.21,Mild (12-22°C)
89,2011-03-30,2,0,3,0,3,1,2,0.3,0.29735,0.646667,0.172888,168,1368,1536,Summer,Mist/Cloudy,2011,Wed,12.3,14.87,64.67,11.58,Mild (12-22°C)
90,2011-03-31,2,0,3,0,4,1,3,0.268333,0.257575,0.918333,0.217646,179,1506,1685,Summer,Light Snow/Rain,2011,Thu,11.0,12.88,91.83,14.58,Cold (<12°C)
91,2011-04-01,2,0,4,0,5,1,2,0.3,0.283454,0.68625,0.258708,307,1920,2227,Summer,Mist/Cloudy,2011,Fri,12.3,14.17,68.62,17.33,Mild (12-22°C)
92,2011-04-02,2,0,4,0,6,0,2,0.315,0.315637,0.65375,0.197146,898,1354,2252,Summer,Mist/Cloudy,2011,Sat,12.92,15.78,65.38,13.21,Mild (12-22°C)
93,2011-04-03,2,0,4,0,0,0,1,0.378333,0.378767,0.48,0.182213,1651,1598,3249,Summer,Clear/Partly Cloudy,2011,Sun,15.51,18.94,48.0,12.21,Mild (12-22°C)
94,2011-04-04,2,0,4,0,1,1,1,0.573333,0.542929,0.42625,0.385571,734,2381,3115,Summer,Clear/Partly Cloudy,2011,Mon,23.51,27.15,42.62,25.83,Warm (>22°C)
95,2011-04-05,2,0,4,0,2,1,2,0.414167,0.39835,0.642083,0.388067,167,1628,1795,Summer,Mist/Cloudy,2011,Tue,16.98,19.92,64.21,26.0,Mild (12-22°C)
96,2011-04-06,2,0,4,0,3,1,1,0.390833,0.387608,0.470833,0.263063,413,2395,2808,Summer,Clear/Partly Cloudy,2011,Wed,16.02,19.38,47.08,17.63,Mild (12-22°C)
97,2011-04-07,2,0,4,0,4,1,1,0.4375,0.433696,0.602917,0.162312,571,2570,3141,Summer,Clear/Partly Cloudy,2011,Thu,17.94,21.68,60.29,10.87,Mild (12-22°C)
98,2011-04-08,2,0,4,0,5,1,2,0.335833,0.324479,0.83625,0.226992,172,1299,1471,Summer,Mist/Cloudy,2011,Fri,13.77,16.22,83.62,15.21,Mild (12-22°C)
99,2011-04-09,2,0,4,0,6,0,2,0.3425,0.341529,0.8775,0.133083,879,1576,2455,Summer,Mist/Cloudy,2011,Sat,14.04,17.08,87.75,8.92,Mild (12-22°C)
100,2011-04-10,2,0,4,0,0,0,2,0.426667,0.426737,0.8575,0.146767,1188,1707,2895,Summer,Mist/Cloudy,2011,Sun,17.49,21.34,85.75,9.83,Mild (12-22°C)
101,2011-04-11,2,0,4,0,1,1,2,0.595652,0.565217,0.716956,0.324474,855,2493,3348,Summer,Mist/Cloudy,2011,Mon,24.42,28.26,71.7,21.74,Warm (>22°C)
102,2011-04-12,2,0,4,0,2,1,2,0.5025,0.493054,0.739167,0.274879,257,1777,2034,Summer,Mist/Cloudy,2011,Tue,20.6,24.65,73.92,18.42,Mild (12-22°C)
103,2011-04-13,2,0,4,0,3,1,2,0.4125,0.417283,0.819167,0.250617,209,1953,2162,Summer,Mist/Cloudy,2011,Wed,16.91,20.86,81.92,16.79,Mild (12-22°C)
104,2011-04-14,2,0,4,0,4,1,1,0.4675,0.462742,0.540417,0.1107,529,2738,3267,Summer,Clear/Partly Cloudy,2011,Thu,19.17,23.14,54.04,7.42,Mild (12-22°C)
105,2011-04-15,2,0,4,1,5,0,1,0.446667,0.441913,0.67125,0.226375,642,2484,3126,Summer,Clear/Partly Cloudy,2011,Fri,18.31,22.1,67.12,15.17,Mild (12-22°C)
106,2011-04-16,2,0,4,0,6,0,3,0.430833,0.425492,0.888333,0.340808,121,674,795,Summer,Light Snow/Rain,2011,Sat,17.66,21.27,88.83,22.83,Mild (12-22°C)
107,2011-04-17,2,0,4,0,0,0,1,0.456667,0.445696,0.479583,0.303496,1558,2186,3744,Summer,Clear/Partly Cloudy,2011,Sun,18.72,22.28,47.96,20.33,Mild (12-22°C)
108,2011-04-18,2,0,4,0,1,1,1,0.5125,0.503146,0.5425,0.163567,669,2760,3429,Summer,Clear/Partly Cloudy,2011,Mon,21.01,25.16,54.25,10.96,Mild (12-22°C)
109,2011-04-19,2,0,4,0,2,1,2,0.505833,0.489258,0.665833,0.157971,409,2795,3204,Summer,Mist/Cloudy,2011,Tue,20.74,24.46,66.58,10.58,Mild (12-22°C)
110,2011-04-20,2,0,4,0,3,1,1,0.595,0.564392,0.614167,0.241925,613,3331,3944,Summer,Clear/Partly Cloudy,2011,Wed,24.4,28.22,61.42,16.21,Warm (>22°C)
111,2011-04-21,2,0,4,0,4,1,1,0.459167,0.453892,0.407083,0.325258,745,3444,4189,Summer,Clear/Partly Cloudy,2011,Thu,18.83,22.69,40.71,21.79,Mild (12-22°C)
112,2011-04-22,2,0,4,0,5,1,2,0.336667,0.321954,0.729583,0.219521,177,1506,1683,Summer,Mist/Cloudy,2011,Fri,13.8,16.1,72.96,14.71,Mild (12-22°C)
113,2011-04-23,2,0,4,0,6,0,2,0.46,0.450121,0.887917,0.230725,1462,2574,4036,Summer,Mist/Cloudy,2011,Sat,18.86,22.51,88.79,15.46,Mild (12-22°C)
114,2011-04-24,2,0,4,0,0,0,2,0.581667,0.551763,0.810833,0.192175,1710,2481,4191,Summer,Mist/Cloudy,2011,Sun,23.85,27.59,81.08,12.88,Warm (>22°C)
115,2011-04-25,2,0,4,0,1,1,1,0.606667,0.5745,0.776667,0.185333,773,3300,4073,Summer,Clear/Partly Cloudy,2011,Mon,24.87,28.72,77.67,12.42,Warm (>22°C)
116,2011-04-26,2,0,4,0,2,1,1,0.631667,0.594083,0.729167,0.3265,678,3722,4400,Summer,Clear/Partly Cloudy,2011,Tue,25.9,29.7,72.92,21.88,Warm (>22°C)
117,2011-04-27,2,0,4,0,3,1,2,0.62,0.575142,0.835417,0.3122,547,3325,3872,Summer,Mist/Cloudy,2011,Wed,25.42,28.76,83.54,20.92,Warm (>22°C)
118,2011-04-28,2,0,4,0,4,1,2,0.6175,0.578929,0.700833,0.320908,569,3489,4058,Summer,Mist/Cloudy,2011,Thu,25.32,28.95,70.08,21.5,Warm (>22°C)
119,2011-04-29,2,0,4,0,5,1,1,0.51,0.497463,0.457083,0.240063,878,3717,4595,Summer,Clear/Partly Cloudy,2011,Fri,20.91,24.87,45.71,16.08,Mild (12-22°C)
120,2011-04-30,2,0,4,0,6,0,1,0.4725,0.464021,0.503333,0.235075,1965,3347,5312,Summer,Clear/Partly Cloudy,2011,Sat,19.37,23.2,50.33,15.75,Mild (12-22°C)
121,2011-05-01,2,0,5,0,0,0,2,0.451667,0.448204,0.762083,0.106354,1138,2213,3351,Summer,Mist/Cloudy,2011,Sun,18.52,22.41,76.21,7.13,Mild (12-22°C)
122,2011-05-02,2,0,5,0,1,1,2,0.549167,0.532833,0.73,0.183454,847,3554,4401,Summer,Mist/Cloudy,2011,Mon,22.52,26.64,73.0,12.29,Warm (>22°C)
123,2011-05-03,2,0,5,0,2,1,2,0.616667,0.582079,0.697083,0.342667,603,3848,4451,Summer,Mist/Cloudy,2011,Tue,25.28,29.1,69.71,22.96,Warm (>22°C)
124,2011-05-04,2,0,5,0,3,1,2,0.414167,0.40465,0.737083,0.328996,255,2378,2633,Summer,Mist/Cloudy,2011,Wed,16.98,20.23,73.71,22.04,Mild (12-22°C)
125,2011-05-05,2,0,5,0,4,1,1,0.459167,0.441917,0.444167,0.295392,614,3819,4433,Summer,Clear/Partly Cloudy,2011,Thu,18.83,22.1,44.42,19.79,Mild (12-22°C)
126,2011-05-06,2,0,5,0,5,1,1,0.479167,0.474117,0.59,0.228246,894,3714,4608,Summer,Clear/Partly Cloudy,2011,Fri,19.65,23.71,59.0,15.29,Mild (12-22°C)
127,2011-05-07,2,0,5,0,6,0,1,0.52,0.512621,0.54125,0.16045,1612,3102,4714,Summer,Clear/Partly Cloudy,2011,Sat,21.32,25.63,54.12,10.75,Mild (12-22°C)
128,2011-05-08,2,0,5,0,0,0,1,0.528333,0.518933,0.631667,0.0746375,1401,2932,4333,Summer,Clear/Partly Cloudy,2011,Sun,21.66,25.95,63.17,5.0,Mild (12-22°C)
129,2011-05-09,2,0,5,0,1,1,1,0.5325,0.525246,0.58875,0.176,664,3698,4362,Summer,Clear/Partly Cloudy,2011,Mon,21.83,26.26,58.88,11.79,Mild (12-22°C)
130,2011-05-10,2,0,5,0,2,1,1,0.5325,0.522721,0.489167,0.115671,694,4109,4803,Summer,Clear/Partly Cloudy,2011,Tue,21.83,26.14,48.92,7.75,Mild (12-22°C)
131,2011-05-11,2,0,5,0,3,1,1,0.5425,0.5284,0.632917,0.120642,550,3632,4182,Summer,Clear/Partly Cloudy,2011,Wed,22.24,26.42,63.29,8.08,Warm (>22°C)
132,2011-05-12,2,0,5,0,4,1,1,0.535,0.523363,0.7475,0.189667,695,4169,4864,Summer,Clear/Partly Cloudy,2011,Thu,21.94,26.17,74.75,12.71,Mild (12-22°C)
133,2011-05-13,2,0,5,0,5,1,2,0.5125,0.4943,0.863333,0.179725,692,3413,4105,Summer,Mist/Cloudy,2011,Fri,21.01,24.72,86.33,12.04,Mild (12-22°C)
134,2011-05-14,2,0,5,0,6,0,2,0.520833,0.500629,0.9225,0.13495,902,2507,3409,Summer,Mist/Cloudy,2011,Sat,21.35,25.03,92.25,9.04,Mild (12-22°C)
135,2011-05-15,2,0,5,0,0,0,2,0.5625,0.536,0.867083,0.152979,1582,2971,4553,Summer,Mist/Cloudy,2011,Sun,23.06,26.8,86.71,10.25,Warm (>22°C)
136,2011-05-16,2,0,5,0,1,1,1,0.5775,0.550512,0.787917,0.126871,773,3185,3958,Summer,Clear/Partly Cloudy,2011,Mon,23.68,27.53,78.79,8.5,Warm (>22°C)
137,2011-05-17,2,0,5,0,2,1,2,0.561667,0.538529,0.837917,0.277354,678,3445,4123,Summer,Mist/Cloudy,2011,Tue,23.03,26.93,83.79,18.58,Warm (>22°C)
138,2011-05-18,2,0,5,0,3,1,2,0.55,0.527158,0.87,0.201492,536,3319,3855,Summer,Mist/Cloudy,2011,Wed,22.55,26.36,87.0,13.5,Warm (>22°C)
139,2011-05-19,2,0,5,0,4,1,2,0.530833,0.510742,0.829583,0.108213,735,3840,4575,Summer,Mist/Cloudy,2011,Thu,21.76,25.54,82.96,7.25,Mild (12-22°C)
140,2011-05-20,2,0,5,0,5,1,1,0.536667,0.529042,0.719583,0.125013,909,4008,4917,Summer,Clear/Partly Cloudy,2011,Fri,22.0,26.45,71.96,8.38,Mild (12-22°C)
141,2011-05-21,2,0,5,0,6,0,1,0.6025,0.571975,0.626667,0.12065,2258,3547,5805,Summer,Clear/Partly Cloudy,2011,Sat,24.7,28.6,62.67,8.08,Warm (>22°C)
142,2011-05-22,2,0,5,0,0,0,1,0.604167,0.5745,0.749583,0.148008,1576,3084,4660,Summer,Clear/Partly Cloudy,2011,Sun,24.77,28.72,74.96,9.92,Warm (>22°C)
143,2011-05-23,2,0,5,0,1,1,2,0.631667,0.590296,0.81,0.233842,836,3438,4274,Summer,Mist/Cloudy,2011,Mon,25.9,29.51,81.0,15.67,Warm (>22°C)
144,2011-05-24,2,0,5,0,2,1,2,0.66,0.604813,0.740833,0.207092,659,3833,4492,Summer,Mist/Cloudy,2011,Tue,27.06,30.24,74.08,13.88,Warm (>22°C)
145,2011-05-25,2,0,5,0,3,1,1,0.660833,0.615542,0.69625,0.154233,740,4238,4978,Summer,Clear/Partly Cloudy,2011,Wed,27.09,30.78,69.62,10.33,Warm (>22°C)
146,2011-05-26,2,0,5,0,4,1,1,0.708333,0.654688,0.6775,0.199642,758,3919,4677,Summer,Clear/Partly Cloudy,2011,Thu,29.04,32.73,67.75,13.38,Warm (>22°C)
147,2011-05-27,2,0,5,0,5,1,1,0.681667,0.637008,0.65375,0.240679,871,3808,4679,Summer,Clear/Partly Cloudy,2011,Fri,27.95,31.85,65.38,16.13,Warm (>22°C)
148,2011-05-28,2,0,5,0,6,0,1,0.655833,0.612379,0.729583,0.230092,2001,2757,4758,Summer,Clear/Partly Cloudy,2011,Sat,26.89,30.62,72.96,15.42,Warm (>22°C)
149,2011-05-29,2,0,5,0,0,0,1,0.6675,0.61555,0.81875,0.213938,2355,2433,4788,Summer,Clear/Partly Cloudy,2011,Sun,27.37,30.78,81.88,14.33,Warm (>22°C)
150,2011-05-30,2,0,5,1,1,0,1,0.733333,0.671092,0.685,0.131225,1549,2549,4098,Summer,Clear/Partly Cloudy,2011,Mon,30.07,33.55,68.5,8.79,Warm (>22°C)
151,2011-05-31,2,0,5,0,2,1,1,0.775,0.725383,0.636667,0.111329,673,3309,3982,Summer,Clear/Partly Cloudy,2011,Tue,31.78,36.27,63.67,7.46,Warm (>22°C)
152,2011-06-01,2,0,6,0,3,1,2,0.764167,0.720967,0.677083,0.207092,513,3461,3974,Summer,Mist/Cloudy,2011,Wed,31.33,36.05,67.71,13.88,Warm (>22°C)
153,2011-06-02,2,0,6,0,4,1,1,0.715,0.643942,0.305,0.292287,736,4232,4968,Summer,Clear/Partly Cloudy,2011,Thu,29.32,32.2,30.5,19.58,Warm (>22°C)
154,2011-06-03,2,0,6,0,5,1,1,0.62,0.587133,0.354167,0.253121,898,4414,5312,Summer,Clear/Partly Cloudy,2011,Fri,25.42,29.36,35.42,16.96,Warm (>22°C)
155,2011-06-04,2,0,6,0,6,0,1,0.635,0.594696,0.45625,0.123142,1869,3473,5342,Summer,Clear/Partly Cloudy,2011,Sat,26.04,29.73,45.62,8.25,Warm (>22°C)
156,2011-06-05,2,0,6,0,0,0,2,0.648333,0.616804,0.6525,0.138692,1685,3221,4906,Summer,Mist/Cloudy,2011,Sun,26.58,30.84,65.25,9.29,Warm (>22°C)
157,2011-06-06,2,0,6,0,1,1,1,0.678333,0.621858,0.6,0.121896,673,3875,4548,Summer,Clear/Partly Cloudy,2011,Mon,27.81,31.09,60.0,8.17,Warm (>22°C)
158,2011-06-07,2,0,6,0,2,1,1,0.7075,0.65595,0.597917,0.187808,763,4070,4833,Summer,Clear/Partly Cloudy,2011,Tue,29.01,32.8,59.79,12.58,Warm (>22°C)
159,2011-06-08,2,0,6,0,3,1,1,0.775833,0.727279,0.622083,0.136817,676,3725,4401,Summer,Clear/Partly Cloudy,2011,Wed,31.81,36.36,62.21,9.17,Warm (>22°C)
160,2011-06-09,2,0,6,0,4,1,2,0.808333,0.757579,0.568333,0.149883,563,3352,3915,Summer,Mist/Cloudy,2011,Thu,33.14,37.88,56.83,10.04,Warm (>22°C)
161,2011-06-10,2,0,6,0,5,1,1,0.755,0.703292,0.605,0.140554,815,3771,4586,Summer,Clear/Partly Cloudy,2011,Fri,30.96,35.16,60.5,9.42,Warm (>22°C)
162,2011-06-11,2,0,6,0,6,0,1,0.725,0.678038,0.654583,0.15485,1729,3237,4966,Summer,Clear/Partly Cloudy,2011,Sat,29.72,33.9,65.46,10.37,Warm (>22°C)
163,2011-06-12,2,0,6,0,0,0,1,0.6925,0.643325,0.747917,0.163567,1467,2993,4460,Summer,Clear/Partly Cloudy,2011,Sun,28.39,32.17,74.79,10.96,Warm (>22°C)
164,2011-06-13,2,0,6,0,1,1,1,0.635,0.601654,0.494583,0.30535,863,4157,5020,Summer,Clear/Partly Cloudy,2011,Mon,26.04,30.08,49.46,20.46,Warm (>22°C)
165,2011-06-14,2,0,6,0,2,1,1,0.604167,0.591546,0.507083,0.269283,727,4164,4891,Summer,Clear/Partly Cloudy,2011,Tue,24.77,29.58,50.71,18.04,Warm (>22°C)
166,2011-06-15,2,0,6,0,3,1,1,0.626667,0.587754,0.471667,0.167912,769,4411,5180,Summer,Clear/Partly Cloudy,2011,Wed,25.69,29.39,47.17,11.25,Warm (>22°C)
167,2011-06-16,2,0,6,0,4,1,2,0.628333,0.595346,0.688333,0.206471,545,3222,3767,Summer,Mist/Cloudy,2011,Thu,25.76,29.77,68.83,13.83,Warm (>22°C)
168,2011-06-17,2,0,6,0,5,1,1,0.649167,0.600383,0.735833,0.143029,863,3981,4844,Summer,Clear/Partly Cloudy,2011,Fri,26.62,30.02,73.58,9.58,Warm (>22°C)
169,2011-06-18,2,0,6,0,6,0,1,0.696667,0.643954,0.670417,0.119408,1807,3312,5119,Summer,Clear/Partly Cloudy,2011,Sat,28.56,32.2,67.04,8.0,Warm (>22°C)
170,2011-06-19,2,0,6,0,0,0,2,0.699167,0.645846,0.666667,0.102,1639,3105,4744,Summer,Mist/Cloudy,2011,Sun,28.67,32.29,66.67,6.83,Warm (>22°C)
171,2011-06-20,2,0,6,0,1,1,2,0.635,0.595346,0.74625,0.155475,699,3311,4010,Summer,Mist/Cloudy,2011,Mon,26.04,29.77,74.62,10.42,Warm (>22°C)
172,2011-06-21,3,0,6,0,2,1,2,0.680833,0.637646,0.770417,0.171025,774,4061,4835,Fall,Mist/Cloudy,2011,Tue,27.91,31.88,77.04,11.46,Warm (>22°C)
173,2011-06-22,3,0,6,0,3,1,1,0.733333,0.693829,0.7075,0.172262,661,3846,4507,Fall,Clear/Partly Cloudy,2011,Wed,30.07,34.69,70.75,11.54,Warm (>22°C)
174,2011-06-23,3,0,6,0,4,1,2,0.728333,0.693833,0.703333,0.238804,746,4044,4790,Fall,Mist/Cloudy,2011,Thu,29.86,34.69,70.33,16.0,Warm (>22°C)
175,2011-06-24,3,0,6,0,5,1,1,0.724167,0.656583,0.573333,0.222025,969,4022,4991,Fall,Clear/Partly Cloudy,2011,Fri,29.69,32.83,57.33,14.88,Warm (>22°C)
176,2011-06-25,3,0,6,0,6,0,1,0.695,0.643313,0.483333,0.209571,1782,3420,5202,Fall,Clear/Partly Cloudy,2011,Sat,28.49,32.17,48.33,14.04,Warm (>22°C)
177,2011-06-26,3,0,6,0,0,0,1,0.68,0.637629,0.513333,0.0945333,1920,3385,5305,Fall,Clear/Partly Cloudy,2011,Sun,27.88,31.88,51.33,6.33,Warm (>22°C)
178,2011-06-27,3,0,6,0,1,1,2,0.6825,0.637004,0.658333,0.107588,854,3854,4708,Fall,Mist/Cloudy,2011,Mon,27.98,31.85,65.83,7.21,Warm (>22°C)
179,2011-06-28,3,0,6,0,2,1,1,0.744167,0.692558,0.634167,0.144283,732,3916,4648,Fall,Clear/Partly Cloudy,2011,Tue,30.51,34.63,63.42,9.67,Warm (>22°C)
180,2011-06-29,3,0,6,0,3,1,1,0.728333,0.654688,0.497917,0.261821,848,4377,5225,Fall,Clear/Partly Cloudy,2011,Wed,29.86,32.73,49.79,17.54,Warm (>22°C)
181,2011-06-30,3,0,6,0,4,1,1,0.696667,0.637008,0.434167,0.185312,1027,4488,5515,Fall,Clear/Partly Cloudy,2011,Thu,28.56,31.85,43.42,12.42,Warm (>22°C)
182,2011-07-01,3,0,7,0,5,1,1,0.7225,0.652162,0.39625,0.102608,1246,4116,5362,Fall,Clear/Partly Cloudy,2011,Fri,29.62,32.61,39.62,6.87,Warm (>22°C)
183,2011-07-02,3,0,7,0,6,0,1,0.738333,0.667308,0.444583,0.115062,2204,2915,5119,Fall,Clear/Partly Cloudy,2011,Sat,30.27,33.37,44.46,7.71,Warm (>22°C)
184,2011-07-03,3,0,7,0,0,0,2,0.716667,0.668575,0.6825,0.228858,2282,2367,4649,Fall,Mist/Cloudy,2011,Sun,29.38,33.43,68.25,15.33,Warm (>22°C)
185,2011-07-04,3,0,7,1,1,0,2,0.726667,0.665417,0.637917,0.0814792,3065,2978,6043,Fall,Mist/Cloudy,2011,Mon,29.79,33.27,63.79,5.46,Warm (>22°C)
186,2011-07-05,3,0,7,0,2,1,1,0.746667,0.696338,0.590417,0.126258,1031,3634,4665,Fall,Clear/Partly Cloudy,2011,Tue,30.61,34.82,59.04,8.46,Warm (>22°C)
187,2011-07-06,3,0,7,0,3,1,1,0.72,0.685633,0.743333,0.149883,784,3845,4629,Fall,Clear/Partly Cloudy,2011,Wed,29.52,34.28,74.33,10.04,Warm (>22°C)
188,2011-07-07,3,0,7,0,4,1,1,0.75,0.686871,0.65125,0.1592,754,3838,4592,Fall,Clear/Partly Cloudy,2011,Thu,30.75,34.34,65.12,10.67,Warm (>22°C)
189,2011-07-08,3,0,7,0,5,1,2,0.709167,0.670483,0.757917,0.225129,692,3348,4040,Fall,Mist/Cloudy,2011,Fri,29.08,33.52,75.79,15.08,Warm (>22°C)
190,2011-07-09,3,0,7,0,6,0,1,0.733333,0.664158,0.609167,0.167912,1988,3348,5336,Fall,Clear/Partly Cloudy,2011,Sat,30.07,33.21,60.92,11.25,Warm (>22°C)
191,2011-07-10,3,0,7,0,0,0,1,0.7475,0.690025,0.578333,0.183471,1743,3138,4881,Fall,Clear/Partly Cloudy,2011,Sun,30.65,34.5,57.83,12.29,Warm (>22°C)
192,2011-07-11,3,0,7,0,1,1,1,0.7625,0.729804,0.635833,0.282337,723,3363,4086,Fall,Clear/Partly Cloudy,2011,Mon,31.26,36.49,63.58,18.92,Warm (>22°C)
193,2011-07-12,3,0,7,0,2,1,1,0.794167,0.739275,0.559167,0.200254,662,3596,4258,Fall,Clear/Partly Cloudy,2011,Tue,32.56,36.96,55.92,13.42,Warm (>22°C)
194,2011-07-13,3,0,7,0,3,1,1,0.746667,0.689404,0.631667,0.146133,748,3594,4342,Fall,Clear/Partly Cloudy,2011,Wed,30.61,34.47,63.17,9.79,Warm (>22°C)
195,2011-07-14,3,0,7,0,4,1,1,0.680833,0.635104,0.47625,0.240667,888,4196,5084,Fall,Clear/Partly Cloudy,2011,Thu,27.91,31.76,47.62,16.12,Warm (>22°C)
196,2011-07-15,3,0,7,0,5,1,1,0.663333,0.624371,0.59125,0.182833,1318,4220,5538,Fall,Clear/Partly Cloudy,2011,Fri,27.2,31.22,59.13,12.25,Warm (>22°C)
197,2011-07-16,3,0,7,0,6,0,1,0.686667,0.638263,0.585,0.208342,2418,3505,5923,Fall,Clear/Partly Cloudy,2011,Sat,28.15,31.91,58.5,13.96,Warm (>22°C)
198,2011-07-17,3,0,7,0,0,0,1,0.719167,0.669833,0.604167,0.245033,2006,3296,5302,Fall,Clear/Partly Cloudy,2011,Sun,29.49,33.49,60.42,16.42,Warm (>22°C)
199,2011-07-18,3,0,7,0,1,1,1,0.746667,0.703925,0.65125,0.215804,841,3617,4458,Fall,Clear/Partly Cloudy,2011,Mon,30.61,35.2,65.12,14.46,Warm (>22°C)
200,2011-07-19,3,0,7,0,2,1,1,0.776667,0.747479,0.650417,0.1306,752,3789,4541,Fall,Clear/Partly Cloudy,2011,Tue,31.84,37.37,65.04,8.75,Warm (>22°C)
201,2011-07-20,3,0,7,0,3,1,1,0.768333,0.74685,0.707083,0.113817,644,3688,4332,Fall,Clear/Partly Cloudy,2011,Wed,31.5,37.34,70.71,7.63,Warm (>22°C)
202,2011-07-21,3,0,7,0,4,1,2,0.815,0.826371,0.69125,0.222021,632,3152,3784,Fall,Mist/Cloudy,2011,Thu,33.42,41.32,69.12,14.88,Warm (>22°C)
203,2011-07-22,3,0,7,0,5,1,1,0.848333,0.840896,0.580417,0.1331,562,2825,3387,Fall,Clear/Partly Cloudy,2011,Fri,34.78,42.04,58.04,8.92,Warm (>22°C)
204,2011-07-23,3,0,7,0,6,0,1,0.849167,0.804287,0.5,0.131221,987,2298,3285,Fall,Clear/Partly Cloudy,2011,Sat,34.82,40.21,50.0,8.79,Warm (>22°C)
205,2011-07-24,3,0,7,0,0,0,1,0.83,0.794829,0.550833,0.169171,1050,2556,3606,Fall,Clear/Partly Cloudy,2011,Sun,34.03,39.74,55.08,11.33,Warm (>22°C)
206,2011-07-25,3,0,7,0,1,1,1,0.743333,0.720958,0.757083,0.0908083,568,3272,3840,Fall,Clear/Partly Cloudy,2011,Mon,30.48,36.05,75.71,6.08,Warm (>22°C)
207,2011-07-26,3,0,7,0,2,1,1,0.771667,0.696979,0.540833,0.200258,750,3840,4590,Fall,Clear/Partly Cloudy,2011,Tue,31.64,34.85,54.08,13.42,Warm (>22°C)
208,2011-07-27,3,0,7,0,3,1,1,0.775,0.690667,0.402917,0.183463,755,3901,4656,Fall,Clear/Partly Cloudy,2011,Wed,31.78,34.53,40.29,12.29,Warm (>22°C)
209,2011-07-28,3,0,7,0,4,1,1,0.779167,0.7399,0.583333,0.178479,606,3784,4390,Fall,Clear/Partly Cloudy,2011,Thu,31.95,36.99,58.33,11.96,Warm (>22°C)
210,2011-07-29,3,0,7,0,5,1,1,0.838333,0.785967,0.5425,0.174138,670,3176,3846,Fall,Clear/Partly Cloudy,2011,Fri,34.37,39.3,54.25,11.67,Warm (>22°C)
211,2011-07-30,3,0,7,0,6,0,1,0.804167,0.728537,0.465833,0.168537,1559,2916,4475,Fall,Clear/Partly Cloudy,2011,Sat,32.97,36.43,46.58,11.29,Warm (>22°C)
212,2011-07-31,3,0,7,0,0,0,1,0.805833,0.729796,0.480833,0.164813,1524,2778,4302,Fall,Clear/Partly Cloudy,2011,Sun,33.04,36.49,48.08,11.04,Warm (>22°C)
213,2011-08-01,3,0,8,0,1,1,1,0.771667,0.703292,0.550833,0.156717,729,3537,4266,Fall,Clear/Partly Cloudy,2011,Mon,31.64,35.16,55.08,10.5,Warm (>22°C)
214,2011-08-02,3,0,8,0,2,1,1,0.783333,0.707071,0.49125,0.20585,801,4044,4845,Fall,Clear/Partly Cloudy,2011,Tue,32.12,35.35,49.12,13.79,Warm (>22°C)
215,2011-08-03,3,0,8,0,3,1,2,0.731667,0.679937,0.6575,0.135583,467,3107,3574,Fall,Mist/Cloudy,2011,Wed,30.0,34.0,65.75,9.08,Warm (>22°C)
216,2011-08-04,3,0,8,0,4,1,2,0.71,0.664788,0.7575,0.19715,799,3777,4576,Fall,Mist/Cloudy,2011,Thu,29.11,33.24,75.75,13.21,Warm (>22°C)
217,2011-08-05,3,0,8,0,5,1,1,0.710833,0.656567,0.630833,0.184696,1023,3843,4866,Fall,Clear/Partly Cloudy,2011,Fri,29.14,32.83,63.08,12.37,Warm (>22°C)
218,2011-08-06,3,0,8,0,6,0,2,0.716667,0.676154,0.755,0.22825,1521,2773,4294,Fall,Mist/Cloudy,2011,Sat,29.38,33.81,75.5,15.29,Warm (>22°C)
219,2011-08-07,3,0,8,0,0,0,1,0.7425,0.715292,0.752917,0.201487,1298,2487,3785,Fall,Clear/Partly Cloudy,2011,Sun,30.44,35.76,75.29,13.5,Warm (>22°C)
220,2011-08-08,3,0,8,0,1,1,1,0.765,0.703283,0.592083,0.192175,846,3480,4326,Fall,Clear/Partly Cloudy,2011,Mon,31.36,35.16,59.21,12.88,Warm (>22°C)
221,2011-08-09,3,0,8,0,2,1,1,0.775,0.724121,0.570417,0.151121,907,3695,4602,Fall,Clear/Partly Cloudy,2011,Tue,31.78,36.21,57.04,10.13,Warm (>22°C)
222,2011-08-10,3,0,8,0,3,1,1,0.766667,0.684983,0.424167,0.200258,884,3896,4780,Fall,Clear/Partly Cloudy,2011,Wed,31.43,34.25,42.42,13.42,Warm (>22°C)
223,2011-08-11,3,0,8,0,4,1,1,0.7175,0.651521,0.42375,0.164796,812,3980,4792,Fall,Clear/Partly Cloudy,2011,Thu,29.42,32.58,42.38,11.04,Warm (>22°C)
224,2011-08-12,3,0,8,0,5,1,1,0.708333,0.654042,0.415,0.125621,1051,3854,4905,Fall,Clear/Partly Cloudy,2011,Fri,29.04,32.7,41.5,8.42,Warm (>22°C)
225,2011-08-13,3,0,8,0,6,0,2,0.685833,0.645858,0.729583,0.211454,1504,2646,4150,Fall,Mist/Cloudy,2011,Sat,28.12,32.29,72.96,14.17,Warm (>22°C)
226,2011-08-14,3,0,8,0,0,0,2,0.676667,0.624388,0.8175,0.222633,1338,2482,3820,Fall,Mist/Cloudy,2011,Sun,27.74,31.22,81.75,14.92,Warm (>22°C)
227,2011-08-15,3,0,8,0,1,1,1,0.665833,0.616167,0.712083,0.208954,775,3563,4338,Fall,Clear/Partly Cloudy,2011,Mon,27.3,30.81,71.21,14.0,Warm (>22°C)
228,2011-08-16,3,0,8,0,2,1,1,0.700833,0.645837,0.578333,0.236329,721,4004,4725,Fall,Clear/Partly Cloudy,2011,Tue,28.73,32.29,57.83,15.83,Warm (>22°C)
229,2011-08-17,3,0,8,0,3,1,1,0.723333,0.666671,0.575417,0.143667,668,4026,4694,Fall,Clear/Partly Cloudy,2011,Wed,29.66,33.33,57.54,9.63,Warm (>22°C)
230,2011-08-18,3,0,8,0,4,1,1,0.711667,0.662258,0.654583,0.233208,639,3166,3805,Fall,Clear/Partly Cloudy,2011,Thu,29.18,33.11,65.46,15.62,Warm (>22°C)
231,2011-08-19,3,0,8,0,5,1,2,0.685,0.633221,0.722917,0.139308,797,3356,4153,Fall,Mist/Cloudy,2011,Fri,28.08,31.66,72.29,9.33,Warm (>22°C)
232,2011-08-20,3,0,8,0,6,0,1,0.6975,0.648996,0.674167,0.104467,1914,3277,5191,Fall,Clear/Partly Cloudy,2011,Sat,28.6,32.45,67.42,7.0,Warm (>22°C)
233,2011-08-21,3,0,8,0,0,0,1,0.710833,0.675525,0.77,0.248754,1249,2624,3873,Fall,Clear/Partly Cloudy,2011,Sun,29.14,33.78,77.0,16.67,Warm (>22°C)
234,2011-08-22,3,0,8,0,1,1,1,0.691667,0.638254,0.47,0.27675,833,3925,4758,Fall,Clear/Partly Cloudy,2011,Mon,28.36,31.91,47.0,18.54,Warm (>22°C)
235,2011-08-23,3,0,8,0,2,1,1,0.640833,0.606067,0.455417,0.146763,1281,4614,5895,Fall,Clear/Partly Cloudy,2011,Tue,26.27,30.3,45.54,9.83,Warm (>22°C)
236,2011-08-24,3,0,8,0,3,1,1,0.673333,0.630692,0.605,0.253108,949,4181,5130,Fall,Clear/Partly Cloudy,2011,Wed,27.61,31.53,60.5,16.96,Warm (>22°C)
237,2011-08-25,3,0,8,0,4,1,2,0.684167,0.645854,0.771667,0.210833,435,3107,3542,Fall,Mist/Cloudy,2011,Thu,28.05,32.29,77.17,14.13,Warm (>22°C)
238,2011-08-26,3,0,8,0,5,1,1,0.7,0.659733,0.76125,0.0839625,768,3893,4661,Fall,Clear/Partly Cloudy,2011,Fri,28.7,32.99,76.12,5.63,Warm (>22°C)
239,2011-08-27,3,0,8,0,6,0,2,0.68,0.635556,0.85,0.375617,226,889,1115,Fall,Mist/Cloudy,2011,Sat,27.88,31.78,85.0,25.17,Warm (>22°C)
240,2011-08-28,3,0,8,0,0,0,1,0.707059,0.647959,0.561765,0.304659,1415,2919,4334,Fall,Clear/Partly Cloudy,2011,Sun,28.99,32.4,56.18,20.41,Warm (>22°C)
241,2011-08-29,3,0,8,0,1,1,1,0.636667,0.607958,0.554583,0.159825,729,3905,4634,Fall,Clear/Partly Cloudy,2011,Mon,26.1,30.4,55.46,10.71,Warm (>22°C)
242,2011-08-30,3,0,8,0,2,1,1,0.639167,0.594704,0.548333,0.125008,775,4429,5204,Fall,Clear/Partly Cloudy,2011,Tue,26.21,29.74,54.83,8.38,Warm (>22°C)
243,2011-08-31,3,0,8,0,3,1,1,0.656667,0.611121,0.597917,0.0833333,688,4370,5058,Fall,Clear/Partly Cloudy,2011,Wed,26.92,30.56,59.79,5.58,Warm (>22°C)
244,2011-09-01,3,0,9,0,4,1,1,0.655,0.614921,0.639167,0.141796,783,4332,5115,Fall,Clear/Partly Cloudy,2011,Thu,26.86,30.75,63.92,9.5,Warm (>22°C)
245,2011-09-02,3,0,9,0,5,1,2,0.643333,0.604808,0.727083,0.139929,875,3852,4727,Fall,Mist/Cloudy,2011,Fri,26.38,30.24,72.71,9.38,Warm (>22°C)
246,2011-09-03,3,0,9,0,6,0,1,0.669167,0.633213,0.716667,0.185325,1935,2549,4484,Fall,Clear/Partly Cloudy,2011,Sat,27.44,31.66,71.67,12.42,Warm (>22°C)
247,2011-09-04,3,0,9,0,0,0,1,0.709167,0.665429,0.742083,0.206467,2521,2419,4940,Fall,Clear/Partly Cloudy,2011,Sun,29.08,33.27,74.21,13.83,Warm (>22°C)
248,2011-09-05,3,0,9,1,1,0,2,0.673333,0.625646,0.790417,0.212696,1236,2115,3351,Fall,Mist/Cloudy,2011,Mon,27.61,31.28,79.04,14.25,Warm (>22°C)
249,2011-09-06,3,0,9,0,2,1,3,0.54,0.5152,0.886957,0.343943,204,2506,2710,Fall,Light Snow/Rain,2011,Tue,22.14,25.76,88.7,23.04,Warm (>22°C)
250,2011-09-07,3,0,9,0,3,1,3,0.599167,0.544229,0.917083,0.0970208,118,1878,1996,Fall,Light Snow/Rain,2011,Wed,24.57,27.21,91.71,6.5,Warm (>22°C)
251,2011-09-08,3,0,9,0,4,1,3,0.633913,0.555361,0.939565,0.192748,153,1689,1842,Fall,Light Snow/Rain,2011,Thu,25.99,27.77,93.96,12.91,Warm (>22°C)
252,2011-09-09,3,0,9,0,5,1,2,0.65,0.578946,0.897917,0.124379,417,3127,3544,Fall,Mist/Cloudy,2011,Fri,26.65,28.95,89.79,8.33,Warm (>22°C)
253,2011-09-10,3,0,9,0,6,0,1,0.66,0.607962,0.75375,0.153608,1750,3595,5345,Fall,Clear/Partly Cloudy,2011,Sat,27.06,30.4,75.38,10.29,Warm (>22°C)
254,2011-09-11,3,0,9,0,0,0,1,0.653333,0.609229,0.71375,0.115054,1633,3413,5046,Fall,Clear/Partly Cloudy,2011,Sun,26.79,30.46,71.38,7.71,Warm (>22°C)
255,2011-09-12,3,0,9,0,1,1,1,0.644348,0.60213,0.692174,0.088913,690,4023,4713,Fall,Clear/Partly Cloudy,2011,Mon,26.42,30.11,69.22,5.96,Warm (>22°C)
256,2011-09-13,3,0,9,0,2,1,1,0.650833,0.603554,0.7125,0.141804,701,4062,4763,Fall,Clear/Partly Cloudy,2011,Tue,26.68,30.18,71.25,9.5,Warm (>22°C)
257,2011-09-14,3,0,9,0,3,1,1,0.673333,0.6269,0.697083,0.1673,647,4138,4785,Fall,Clear/Partly Cloudy,2011,Wed,27.61,31.34,69.71,11.21,Warm (>22°C)
258,2011-09-15,3,0,9,0,4,1,2,0.5775,0.553671,0.709167,0.271146,428,3231,3659,Fall,Mist/Cloudy,2011,Thu,23.68,27.68,70.92,18.17,Warm (>22°C)
259,2011-09-16,3,0,9,0,5,1,2,0.469167,0.461475,0.590417,0.164183,742,4018,4760,Fall,Mist/Cloudy,2011,Fri,19.24,23.07,59.04,11.0,Mild (12-22°C)
260,2011-09-17,3,0,9,0,6,0,2,0.491667,0.478512,0.718333,0.189675,1434,3077,4511,Fall,Mist/Cloudy,2011,Sat,20.16,23.93,71.83,12.71,Mild (12-22°C)
261,2011-09-18,3,0,9,0,0,0,1,0.5075,0.490537,0.695,0.178483,1353,2921,4274,Fall,Clear/Partly Cloudy,2011,Sun,20.81,24.53,69.5,11.96,Mild (12-22°C)
262,2011-09-19,3,0,9,0,1,1,2,0.549167,0.529675,0.69,0.151742,691,3848,4539,Fall,Mist/Cloudy,2011,Mon,22.52,26.48,69.0,10.17,Warm (>22°C)
263,2011-09-20,3,0,9,0,2,1,2,0.561667,0.532217,0.88125,0.134954,438,3203,3641,Fall,Mist/Cloudy,2011,Tue,23.03,26.61,88.12,9.04,Warm (>22°C)
264,2011-09-21,3,0,9,0,3,1,2,0.595,0.550533,0.9,0.0964042,539,3813,4352,Fall,Mist/Cloudy,2011,Wed,24.4,27.53,90.0,6.46,Warm (>22°C)
265,2011-09-22,3,0,9,0,4,1,2,0.628333,0.554963,0.902083,0.128125,555,4240,4795,Fall,Mist/Cloudy,2011,Thu,25.76,27.75,90.21,8.58,Warm (>22°C)
266,2011-09-23,4,0,9,0,5,1,2,0.609167,0.522125,0.9725,0.0783667,258,2137,2395,Winter,Mist/Cloudy,2011,Fri,24.98,26.11,97.25,5.25,Warm (>22°C)
267,2011-09-24,4,0,9,0,6,0,2,0.606667,0.564412,0.8625,0.0783833,1776,3647,5423,Winter,Mist/Cloudy,2011,Sat,24.87,28.22,86.25,5.25,Warm (>22°C)
268,2011-09-25,4,0,9,0,0,0,2,0.634167,0.572637,0.845,0.0503792,1544,3466,5010,Winter,Mist/Cloudy,2011,Sun,26.0,28.63,84.5,3.38,Warm (>22°C)
269,2011-09-26,4,0,9,0,1,1,2,0.649167,0.589042,0.848333,0.1107,684,3946,4630,Winter,Mist/Cloudy,2011,Mon,26.62,29.45,84.83,7.42,Warm (>22°C)
270,2011-09-27,4,0,9,0,2,1,2,0.636667,0.574525,0.885417,0.118171,477,3643,4120,Winter,Mist/Cloudy,2011,Tue,26.1,28.73,88.54,7.92,Warm (>22°C)
271,2011-09-28,4,0,9,0,3,1,2,0.635,0.575158,0.84875,0.148629,480,3427,3907,Winter,Mist/Cloudy,2011,Wed,26.04,28.76,84.88,9.96,Warm (>22°C)
272,2011-09-29,4,0,9,0,4,1,1,0.616667,0.574512,0.699167,0.172883,653,4186,4839,Winter,Clear/Partly Cloudy,2011,Thu,25.28,28.73,69.92,11.58,Warm (>22°C)
273,2011-09-30,4,0,9,0,5,1,1,0.564167,0.544829,0.6475,0.206475,830,4372,5202,Winter,Clear/Partly Cloudy,2011,Fri,23.13,27.24,64.75,13.83,Warm (>22°C)
274,2011-10-01,4,0,10,0,6,0,2,0.41,0.412863,0.75375,0.292296,480,1949,2429,Winter,Mist/Cloudy,2011,Sat,16.81,20.64,75.38,19.58,Mild (12-22°C)
275,2011-10-02,4,0,10,0,0,0,2,0.356667,0.345317,0.791667,0.222013,616,2302,2918,Winter,Mist/Cloudy,2011,Sun,14.62,17.27,79.17,14.87,Mild (12-22°C)
276,2011-10-03,4,0,10,0,1,1,2,0.384167,0.392046,0.760833,0.0833458,330,3240,3570,Winter,Mist/Cloudy,2011,Mon,15.75,19.6,76.08,5.58,Mild (12-22°C)
277,2011-10-04,4,0,10,0,2,1,1,0.484167,0.472858,0.71,0.205854,486,3970,4456,Winter,Clear/Partly Cloudy,2011,Tue,19.85,23.64,71.0,13.79,Mild (12-22°C)
278,2011-10-05,4,0,10,0,3,1,1,0.538333,0.527138,0.647917,0.17725,559,4267,4826,Winter,Clear/Partly Cloudy,2011,Wed,22.07,26.36,64.79,11.88,Warm (>22°C)
279,2011-10-06,4,0,10,0,4,1,1,0.494167,0.480425,0.620833,0.134954,639,4126,4765,Winter,Clear/Partly Cloudy,2011,Thu,20.26,24.02,62.08,9.04,Mild (12-22°C)
280,2011-10-07,4,0,10,0,5,1,1,0.510833,0.504404,0.684167,0.0223917,949,4036,4985,Winter,Clear/Partly Cloudy,2011,Fri,20.94,25.22,68.42,1.5,Mild (12-22°C)
281,2011-10-08,4,0,10,0,6,0,1,0.521667,0.513242,0.70125,0.0454042,2235,3174,5409,Winter,Clear/Partly Cloudy,2011,Sat,21.39,25.66,70.12,3.04,Mild (12-22°C)
282,2011-10-09,4,0,10,0,0,0,1,0.540833,0.523983,0.7275,0.06345,2397,3114,5511,Winter,Clear/Partly Cloudy,2011,Sun,22.17,26.2,72.75,4.25,Warm (>22°C)
283,2011-10-10,4,0,10,1,1,0,1,0.570833,0.542925,0.73375,0.0423042,1514,3603,5117,Winter,Clear/Partly Cloudy,2011,Mon,23.4,27.15,73.38,2.83,Warm (>22°C)
284,2011-10-11,4,0,10,0,2,1,2,0.566667,0.546096,0.80875,0.143042,667,3896,4563,Winter,Mist/Cloudy,2011,Tue,23.23,27.3,80.88,9.58,Warm (>22°C)
285,2011-10-12,4,0,10,0,3,1,3,0.543333,0.517717,0.90625,0.24815,217,2199,2416,Winter,Light Snow/Rain,2011,Wed,22.28,25.89,90.62,16.63,Warm (>22°C)
286,2011-10-13,4,0,10,0,4,1,2,0.589167,0.551804,0.896667,0.141787,290,2623,2913,Winter,Mist/Cloudy,2011,Thu,24.16,27.59,89.67,9.5,Warm (>22°C)
287,2011-10-14,4,0,10,0,5,1,2,0.550833,0.529675,0.71625,0.223883,529,3115,3644,Winter,Mist/Cloudy,2011,Fri,22.58,26.48,71.62,15.0,Warm (>22°C)
288,2011-10-15,4,0,10,0,6,0,1,0.506667,0.498725,0.483333,0.258083,1899,3318,5217,Winter,Clear/Partly Cloudy,2011,Sat,20.77,24.94,48.33,17.29,Mild (12-22°C)
289,2011-10-16,4,0,10,0,0,0,1,0.511667,0.503154,0.486667,0.281717,1748,3293,5041,Winter,Clear/Partly Cloudy,2011,Sun,20.98,25.16,48.67,18.88,Mild (12-22°C)
290,2011-10-17,4,0,10,0,1,1,1,0.534167,0.510725,0.579583,0.175379,713,3857,4570,Winter,Clear/Partly Cloudy,2011,Mon,21.9,25.54,57.96,11.75,Mild (12-22°C)
291,2011-10-18,4,0,10,0,2,1,2,0.5325,0.522721,0.701667,0.110087,637,4111,4748,Winter,Mist/Cloudy,2011,Tue,21.83,26.14,70.17,7.38,Mild (12-22°C)
292,2011-10-19,4,0,10,0,3,1,3,0.541739,0.513848,0.895217,0.243339,254,2170,2424,Winter,Light Snow/Rain,2011,Wed,22.21,25.69,89.52,16.3,Warm (>22°C)
293,2011-10-20,4,0,10,0,4,1,1,0.475833,0.466525,0.63625,0.422275,471,3724,4195,Winter,Clear/Partly Cloudy,2011,Thu,19.51,23.33,63.62,28.29,Mild (12-22°C)
294,2011-10-21,4,0,10,0,5,1,1,0.4275,0.423596,0.574167,0.221396,676,3628,4304,Winter,Clear/Partly Cloudy,2011,Fri,17.53,21.18,57.42,14.83,Mild (12-22°C)
295,2011-10-22,4,0,10,0,6,0,1,0.4225,0.425492,0.629167,0.0926667,1499,2809,4308,Winter,Clear/Partly Cloudy,2011,Sat,17.32,21.27,62.92,6.21,Mild (12-22°C)
296,2011-10-23,4,0,10,0,0,0,1,0.421667,0.422333,0.74125,0.0995125,1619,2762,4381,Winter,Clear/Partly Cloudy,2011,Sun,17.29,21.12,74.12,6.67,Mild (12-22°C)
297,2011-10-24,4,0,10,0,1,1,1,0.463333,0.457067,0.772083,0.118792,699,3488,4187,Winter,Clear/Partly Cloudy,2011,Mon,19.0,22.85,77.21,7.96,Mild (12-22°C)
298,2011-10-25,4,0,10,0,2,1,1,0.471667,0.463375,0.622917,0.166658,695,3992,4687,Winter,Clear/Partly Cloudy,2011,Tue,19.34,23.17,62.29,11.17,Mild (12-22°C)
299,2011-10-26,4,0,10,0,3,1,2,0.484167,0.472846,0.720417,0.148642,404,3490,3894,Winter,Mist/Cloudy,2011,Wed,19.85,23.64,72.04,9.96,Mild (12-22°C)
300,2011-10-27,4,0,10,0,4,1,2,0.47,0.457046,0.812917,0.197763,240,2419,2659,Winter,Mist/Cloudy,2011,Thu,19.27,22.85,81.29,13.25,Mild (12-22°C)
301,2011-10-28,4,0,10,0,5,1,2,0.330833,0.318812,0.585833,0.229479,456,3291,3747,Winter,Mist/Cloudy,2011,Fri,13.56,15.94,58.58,15.38,Mild (12-22°C)
302,2011-10-29,4,0,10,0,6,0,3,0.254167,0.227913,0.8825,0.351371,57,570,627,Winter,Light Snow/Rain,2011,Sat,10.42,11.4,88.25,23.54,Cold (<12°C)
303,2011-10-30,4,0,10,0,0,0,1,0.319167,0.321329,0.62375,0.176617,885,2446,3331,Winter,Clear/Partly Cloudy,2011,Sun,13.09,16.07,62.38,11.83,Mild (12-22°C)
304,2011-10-31,4,0,10,0,1,1,1,0.34,0.356063,0.703333,0.10635,362,3307,3669,Winter,Clear/Partly Cloudy,2011,Mon,13.94,17.8,70.33,7.13,Mild (12-22°C)
305,2011-11-01,4,0,11,0,2,1,1,0.400833,0.397088,0.68375,0.135571,410,3658,4068,Winter,Clear/Partly Cloudy,2011,Tue,16.43,19.85,68.38,9.08,Mild (12-22°C)
306,2011-11-02,4,0,11,0,3,1,1,0.3775,0.390133,0.71875,0.0820917,370,3816,4186,Winter,Clear/Partly Cloudy,2011,Wed,15.48,19.51,71.88,5.5,Mild (12-22°C)
307,2011-11-03,4,0,11,0,4,1,1,0.408333,0.405921,0.702083,0.136817,318,3656,3974,Winter,Clear/Partly Cloudy,2011,Thu,16.74,20.3,70.21,9.17,Mild (12-22°C)
308,2011-11-04,4,0,11,0,5,1,2,0.403333,0.403392,0.6225,0.271779,470,3576,4046,Winter,Mist/Cloudy,2011,Fri,16.54,20.17,62.25,18.21,Mild (12-22°C)
309,2011-11-05,4,0,11,0,6,0,1,0.326667,0.323854,0.519167,0.189062,1156,2770,3926,Winter,Clear/Partly Cloudy,2011,Sat,13.39,16.19,51.92,12.67,Mild (12-22°C)
310,2011-11-06,4,0,11,0,0,0,1,0.348333,0.362358,0.734583,0.0920542,952,2697,3649,Winter,Clear/Partly Cloudy,2011,Sun,14.28,18.12,73.46,6.17,Mild (12-22°C)
311,2011-11-07,4,0,11,0,1,1,1,0.395,0.400871,0.75875,0.057225,373,3662,4035,Winter,Clear/Partly Cloudy,2011,Mon,16.2,20.04,75.88,3.83,Mild (12-22°C)
312,2011-11-08,4,0,11,0,2,1,1,0.408333,0.412246,0.721667,0.0690375,376,3829,4205,Winter,Clear/Partly Cloudy,2011,Tue,16.74,20.61,72.17,4.63,Mild (12-22°C)
313,2011-11-09,4,0,11,0,3,1,1,0.4,0.409079,0.758333,0.0621958,305,3804,4109,Winter,Clear/Partly Cloudy,2011,Wed,16.4,20.45,75.83,4.17,Mild (12-22°C)
314,2011-11-10,4,0,11,0,4,1,2,0.38,0.373721,0.813333,0.189067,190,2743,2933,Winter,Mist/Cloudy,2011,Thu,15.58,18.69,81.33,12.67,Mild (12-22°C)
315,2011-11-11,4,0,11,1,5,0,1,0.324167,0.306817,0.44625,0.314675,440,2928,3368,Winter,Clear/Partly Cloudy,2011,Fri,13.29,15.34,44.62,21.08,Mild (12-22°C)
316,2011-11-12,4,0,11,0,6,0,1,0.356667,0.357942,0.552917,0.212062,1275,2792,4067,Winter,Clear/Partly Cloudy,2011,Sat,14.62,17.9,55.29,14.21,Mild (12-22°C)
317,2011-11-13,4,0,11,0,0,0,1,0.440833,0.43055,0.458333,0.281721,1004,2713,3717,Winter,Clear/Partly Cloudy,2011,Sun,18.07,21.53,45.83,18.88,Mild (12-22°C)
318,2011-11-14,4,0,11,0,1,1,1,0.53,0.524612,0.587083,0.306596,595,3891,4486,Winter,Clear/Partly Cloudy,2011,Mon,21.73,26.23,58.71,20.54,Mild (12-22°C)
319,2011-11-15,4,0,11,0,2,1,2,0.53,0.507579,0.68875,0.199633,449,3746,4195,Winter,Mist/Cloudy,2011,Tue,21.73,25.38,68.88,13.38,Mild (12-22°C)
320,2011-11-16,4,0,11,0,3,1,3,0.456667,0.451988,0.93,0.136829,145,1672,1817,Winter,Light Snow/Rain,2011,Wed,18.72,22.6,93.0,9.17,Mild (12-22°C)
321,2011-11-17,4,0,11,0,4,1,2,0.341667,0.323221,0.575833,0.305362,139,2914,3053,Winter,Mist/Cloudy,2011,Thu,14.01,16.16,57.58,20.46,Mild (12-22°C)
322,2011-11-18,4,0,11,0,5,1,1,0.274167,0.272721,0.41,0.168533,245,3147,3392,Winter,Clear/Partly Cloudy,2011,Fri,11.24,13.64,41.0,11.29,Cold (<12°C)
323,2011-11-19,4,0,11,0,6,0,1,0.329167,0.324483,0.502083,0.224496,943,2720,3663,Winter,Clear/Partly Cloudy,2011,Sat,13.5,16.22,50.21,15.04,Mild (12-22°C)
324,2011-11-20,4,0,11,0,0,0,2,0.463333,0.457058,0.684583,0.18595,787,2733,3520,Winter,Mist/Cloudy,2011,Sun,19.0,22.85,68.46,12.46,Mild (12-22°C)
325,2011-11-21,4,0,11,0,1,1,3,0.4475,0.445062,0.91,0.138054,220,2545,2765,Winter,Light Snow/Rain,2011,Mon,18.35,22.25,91.0,9.25,Mild (12-22°C)
326,2011-11-22,4,0,11,0,2,1,3,0.416667,0.421696,0.9625,0.118792,69,1538,1607,Winter,Light Snow/Rain,2011,Tue,17.08,21.08,96.25,7.96,Mild (12-22°C)
327,2011-11-23,4,0,11,0,3,1,2,0.440833,0.430537,0.757917,0.335825,112,2454,2566,Winter,Mist/Cloudy,2011,Wed,18.07,21.53,75.79,22.5,Mild (12-22°C)
328,2011-11-24,4,0,11,1,4,0,1,0.373333,0.372471,0.549167,0.167304,560,935,1495,Winter,Clear/Partly Cloudy,2011,Thu,15.31,18.62,54.92,11.21,Mild (12-22°C)
329,2011-11-25,4,0,11,0,5,1,1,0.375,0.380671,0.64375,0.0988958,1095,1697,2792,Winter,Clear/Partly Cloudy,2011,Fri,15.38,19.03,64.38,6.63,Mild (12-22°C)
330,2011-11-26,4,0,11,0,6,0,1,0.375833,0.385087,0.681667,0.0684208,1249,1819,3068,Winter,Clear/Partly Cloudy,2011,Sat,15.41,19.25,68.17,4.58,Mild (12-22°C)
331,2011-11-27,4,0,11,0,0,0,1,0.459167,0.4558,0.698333,0.208954,810,2261,3071,Winter,Clear/Partly Cloudy,2011,Sun,18.83,22.79,69.83,14.0,Mild (12-22°C)
332,2011-11-28,4,0,11,0,1,1,1,0.503478,0.490122,0.743043,0.142122,253,3614,3867,Winter,Clear/Partly Cloudy,2011,Mon,20.64,24.51,74.3,9.52,Mild (12-22°C)
333,2011-11-29,4,0,11,0,2,1,2,0.458333,0.451375,0.830833,0.258092,96,2818,2914,Winter,Mist/Cloudy,2011,Tue,18.79,22.57,83.08,17.29,Mild (12-22°C)
334,2011-11-30,4,0,11,0,3,1,1,0.325,0.311221,0.613333,0.271158,188,3425,3613,Winter,Clear/Partly Cloudy,2011,Wed,13.32,15.56,61.33,18.17,Mild (12-22°C)
335,2011-12-01,4,0,12,0,4,1,1,0.3125,0.305554,0.524583,0.220158,182,3545,3727,Winter,Clear/Partly Cloudy,2011,Thu,12.81,15.28,52.46,14.75,Mild (12-22°C)
336,2011-12-02,4,0,12,0,5,1,1,0.314167,0.331433,0.625833,0.100754,268,3672,3940,Winter,Clear/Partly Cloudy,2011,Fri,12.88,16.57,62.58,6.75,Mild (12-22°C)
337,2011-12-03,4,0,12,0,6,0,1,0.299167,0.310604,0.612917,0.0957833,706,2908,3614,Winter,Clear/Partly Cloudy,2011,Sat,12.27,15.53,61.29,6.42,Mild (12-22°C)
338,2011-12-04,4,0,12,0,0,0,1,0.330833,0.3491,0.775833,0.0839583,634,2851,3485,Winter,Clear/Partly Cloudy,2011,Sun,13.56,17.46,77.58,5.63,Mild (12-22°C)
339,2011-12-05,4,0,12,0,1,1,2,0.385833,0.393925,0.827083,0.0622083,233,3578,3811,Winter,Mist/Cloudy,2011,Mon,15.82,19.7,82.71,4.17,Mild (12-22°C)
340,2011-12-06,4,0,12,0,2,1,3,0.4625,0.4564,0.949583,0.232583,126,2468,2594,Winter,Light Snow/Rain,2011,Tue,18.96,22.82,94.96,15.58,Mild (12-22°C)
341,2011-12-07,4,0,12,0,3,1,3,0.41,0.400246,0.970417,0.266175,50,655,705,Winter,Light Snow/Rain,2011,Wed,16.81,20.01,97.04,17.83,Mild (12-22°C)
342,2011-12-08,4,0,12,0,4,1,1,0.265833,0.256938,0.58,0.240058,150,3172,3322,Winter,Clear/Partly Cloudy,2011,Thu,10.9,12.85,58.0,16.08,Cold (<12°C)
343,2011-12-09,4,0,12,0,5,1,1,0.290833,0.317542,0.695833,0.0827167,261,3359,3620,Winter,Clear/Partly Cloudy,2011,Fri,11.92,15.88,69.58,5.54,Cold (<12°C)
344,2011-12-10,4,0,12,0,6,0,1,0.275,0.266412,0.5075,0.233221,502,2688,3190,Winter,Clear/Partly Cloudy,2011,Sat,11.28,13.32,50.75,15.63,Cold (<12°C)
345,2011-12-11,4,0,12,0,0,0,1,0.220833,0.253154,0.49,0.0665417,377,2366,2743,Winter,Clear/Partly Cloudy,2011,Sun,9.05,12.66,49.0,4.46,Cold (<12°C)
346,2011-12-12,4,0,12,0,1,1,1,0.238333,0.270196,0.670833,0.06345,143,3167,3310,Winter,Clear/Partly Cloudy,2011,Mon,9.77,13.51,67.08,4.25,Cold (<12°C)
347,2011-12-13,4,0,12,0,2,1,1,0.2825,0.301138,0.59,0.14055,155,3368,3523,Winter,Clear/Partly Cloudy,2011,Tue,11.58,15.06,59.0,9.42,Cold (<12°C)
348,2011-12-14,4,0,12,0,3,1,2,0.3175,0.338362,0.66375,0.0609583,178,3562,3740,Winter,Mist/Cloudy,2011,Wed,13.02,16.92,66.38,4.08,Mild (12-22°C)
349,2011-12-15,4,0,12,0,4,1,2,0.4225,0.412237,0.634167,0.268042,181,3528,3709,Winter,Mist/Cloudy,2011,Thu,17.32,20.61,63.42,17.96,Mild (12-22°C)
350,2011-12-16,4,0,12,0,5,1,2,0.375,0.359825,0.500417,0.260575,178,3399,3577,Winter,Mist/Cloudy,2011,Fri,15.38,17.99,50.04,17.46,Mild (12-22°C)
351,2011-12-17,4,0,12,0,6,0,2,0.258333,0.249371,0.560833,0.243167,275,2464,2739,Winter,Mist/Cloudy,2011,Sat,10.59,12.47,56.08,16.29,Cold (<12°C)
352,2011-12-18,4,0,12,0,0,0,1,0.238333,0.245579,0.58625,0.169779,220,2211,2431,Winter,Clear/Partly Cloudy,2011,Sun,9.77,12.28,58.63,11.38,Cold (<12°C)
353,2011-12-19,4,0,12,0,1,1,1,0.276667,0.280933,0.6375,0.172896,260,3143,3403,Winter,Clear/Partly Cloudy,2011,Mon,11.34,14.05,63.75,11.58,Cold (<12°C)
354,2011-12-20,4,0,12,0,2,1,2,0.385833,0.396454,0.595417,0.0615708,216,3534,3750,Winter,Mist/Cloudy,2011,Tue,15.82,19.82,59.54,4.13,Mild (12-22°C)
355,2011-12-21,1,0,12,0,3,1,2,0.428333,0.428017,0.858333,0.2214,107,2553,2660,Spring,Mist/Cloudy,2011,Wed,17.56,21.4,85.83,14.83,Mild (12-22°C)
356,2011-12-22,1,0,12,0,4,1,2,0.423333,0.426121,0.7575,0.047275,227,2841,3068,Spring,Mist/Cloudy,2011,Thu,17.36,21.31,75.75,3.17,Mild (12-22°C)
357,2011-12-23,1,0,12,0,5,1,1,0.373333,0.377513,0.68625,0.274246,163,2046,2209,Spring,Clear/Partly Cloudy,2011,Fri,15.31,18.88,68.62,18.37,Mild (12-22°C)
358,2011-12-24,1,0,12,0,6,0,1,0.3025,0.299242,0.5425,0.190304,155,856,1011,Spring,Clear/Partly Cloudy,2011,Sat,12.4,14.96,54.25,12.75,Mild (12-22°C)
359,2011-12-25,1,0,12,0,0,0,1,0.274783,0.279961,0.681304,0.155091,303,451,754,Spring,Clear/Partly Cloudy,2011,Sun,11.27,14.0,68.13,10.39,Cold (<12°C)
360,2011-12-26,1,0,12,1,1,0,1,0.321739,0.315535,0.506957,0.239465,430,887,1317,Spring,Clear/Partly Cloudy,2011,Mon,13.19,15.78,50.7,16.04,Mild (12-22°C)
361,2011-12-27,1,0,12,0,2,1,2,0.325,0.327633,0.7625,0.18845,103,1059,1162,Spring,Mist/Cloudy,2011,Tue,13.32,16.38,76.25,12.63,Mild (12-22°C)
362,2011-12-28,1,0,12,0,3,1,1,0.29913,0.279974,0.503913,0.293961,255,2047,2302,Spring,Clear/Partly Cloudy,2011,Wed,12.26,14.0,50.39,19.7,Mild (12-22°C)
363,2011-12-29,1,0,12,0,4,1,1,0.248333,0.263892,0.574167,0.119412,254,2169,2423,Spring,Clear/Partly Cloudy,2011,Thu,10.18,13.19,57.42,8.0,Cold (<12°C)
364,2011-12-30,1,0,12,0,5,1,1,0.311667,0.318812,0.636667,0.134337,491,2508,2999,Spring,Clear/Partly Cloudy,2011,Fri,12.78,15.94,63.67,9.0,Mild (12-22°C)
365,2011-12-31,1,0,12,0,6,0,1,0.41,0.414121,0.615833,0.220154,665,1820,2485,Spring,Clear/Partly Cloudy,2011,Sat,16.81,20.71,61.58,14.75,Mild (12-22°C)
366,2012-01-01,1,1,1,0,0,0,1,0.37,0.375621,0.6925,0.192167,686,1608,2294,Spring,Clear/Partly Cloudy,2012,Sun,15.17,18.78,69.25,12.88,Mild (12-22°C)
367,2012-01-02,1,1,1,1,1,0,1,0.273043,0.252304,0.381304,0.329665,244,1707,1951,Spring,Clear/Partly Cloudy,2012,Mon,11.19,12.62,38.13,22.09,Cold (<12°C)
368,2012-01-03,1,1,1,0,2,1,1,0.15,0.126275,0.44125,0.365671,89,2147,2236,Spring,Clear/Partly Cloudy,2012,Tue,6.15,6.31,44.12,24.5,Cold (<12°C)
369,2012-01-04,1,1,1,0,3,1,2,0.1075,0.119337,0.414583,0.1847,95,2273,2368,Spring,Mist/Cloudy,2012,Wed,4.41,5.97,41.46,12.37,Cold (<12°C)
370,2012-01-05,1,1,1,0,4,1,1,0.265833,0.278412,0.524167,0.129987,140,3132,3272,Spring,Clear/Partly Cloudy,2012,Thu,10.9,13.92,52.42,8.71,Cold (<12°C)
371,2012-01-06,1,1,1,0,5,1,1,0.334167,0.340267,0.542083,0.167908,307,3791,4098,Spring,Clear/Partly Cloudy,2012,Fri,13.7,17.01,54.21,11.25,Mild (12-22°C)
372,2012-01-07,1,1,1,0,6,0,1,0.393333,0.390779,0.531667,0.174758,1070,3451,4521,Spring,Clear/Partly Cloudy,2012,Sat,16.13,19.54,53.17,11.71,Mild (12-22°C)
373,2012-01-08,1,1,1,0,0,0,1,0.3375,0.340258,0.465,0.191542,599,2826,3425,Spring,Clear/Partly Cloudy,2012,Sun,13.84,17.01,46.5,12.83,Mild (12-22°C)
374,2012-01-09,1,1,1,0,1,1,2,0.224167,0.247479,0.701667,0.0989,106,2270,2376,Spring,Mist/Cloudy,2012,Mon,9.19,12.37,70.17,6.63,Cold (<12°C)
375,2012-01-10,1,1,1,0,2,1,1,0.308696,0.318826,0.646522,0.187552,173,3425,3598,Spring,Clear/Partly Cloudy,2012,Tue,12.66,15.94,64.65,12.57,Mild (12-22°C)
376,2012-01-11,1,1,1,0,3,1,2,0.274167,0.282821,0.8475,0.131221,92,2085,2177,Spring,Mist/Cloudy,2012,Wed,11.24,14.14,84.75,8.79,Cold (<12°C)
377,2012-01-12,1,1,1,0,4,1,2,0.3825,0.381938,0.802917,0.180967,269,3828,4097,Spring,Mist/Cloudy,2012,Thu,15.68,19.1,80.29,12.12,Mild (12-22°C)
378,2012-01-13,1,1,1,0,5,1,1,0.274167,0.249362,0.5075,0.378108,174,3040,3214,Spring,Clear/Partly Cloudy,2012,Fri,11.24,12.47,50.75,25.33,Cold (<12°C)
379,2012-01-14,1,1,1,0,6,0,1,0.18,0.183087,0.4575,0.187183,333,2160,2493,Spring,Clear/Partly Cloudy,2012,Sat,7.38,9.15,45.75,12.54,Cold (<12°C)
380,2012-01-15,1,1,1,0,0,0,1,0.166667,0.161625,0.419167,0.251258,284,2027,2311,Spring,Clear/Partly Cloudy,2012,Sun,6.83,8.08,41.92,16.83,Cold (<12°C)
381,2012-01-16,1,1,1,1,1,0,1,0.19,0.190663,0.5225,0.231358,217,2081,2298,Spring,Clear/Partly Cloudy,2012,Mon,7.79,9.53,52.25,15.5,Cold (<12°C)
382,2012-01-17,1,1,1,0,2,1,2,0.373043,0.364278,0.716087,0.34913,127,2808,2935,Spring,Mist/Cloudy,2012,Tue,15.29,18.21,71.61,23.39,Mild (12-22°C)
383,2012-01-18,1,1,1,0,3,1,1,0.303333,0.275254,0.443333,0.415429,109,3267,3376,Spring,Clear/Partly Cloudy,2012,Wed,12.44,13.76,44.33,27.83,Mild (12-22°C)
384,2012-01-19,1,1,1,0,4,1,1,0.19,0.190038,0.4975,0.220158,130,3162,3292,Spring,Clear/Partly Cloudy,2012,Thu,7.79,9.5,49.75,14.75,Cold (<12°C)
385,2012-01-20,1,1,1,0,5,1,2,0.2175,0.220958,0.45,0.20275,115,3048,3163,Spring,Mist/Cloudy,2012,Fri,8.92,11.05,45.0,13.58,Cold (<12°C)
386,2012-01-21,1,1,1,0,6,0,2,0.173333,0.174875,0.83125,0.222642,67,1234,1301,Spring,Mist/Cloudy,2012,Sat,7.11,8.74,83.12,14.92,Cold (<12°C)
387,2012-01-22,1,1,1,0,0,0,2,0.1625,0.16225,0.79625,0.199638,196,1781,1977,Spring,Mist/Cloudy,2012,Sun,6.66,8.11,79.62,13.38,Cold (<12°C)
388,2012-01-23,1,1,1,0,1,1,2,0.218333,0.243058,0.91125,0.110708,145,2287,2432,Spring,Mist/Cloudy,2012,Mon,8.95,12.15,91.12,7.42,Cold (<12°C)
389,2012-01-24,1,1,1,0,2,1,1,0.3425,0.349108,0.835833,0.123767,439,3900,4339,Spring,Clear/Partly Cloudy,2012,Tue,14.04,17.46,83.58,8.29,Mild (12-22°C)
390,2012-01-25,1,1,1,0,3,1,1,0.294167,0.294821,0.64375,0.161071,467,3803,4270,Spring,Clear/Partly Cloudy,2012,Wed,12.06,14.74,64.38,10.79,Mild (12-22°C)
391,2012-01-26,1,1,1,0,4,1,2,0.341667,0.35605,0.769583,0.0733958,244,3831,4075,Spring,Mist/Cloudy,2012,Thu,14.01,17.8,76.96,4.92,Mild (12-22°C)
392,2012-01-27,1,1,1,0,5,1,2,0.425,0.415383,0.74125,0.342667,269,3187,3456,Spring,Mist/Cloudy,2012,Fri,17.42,20.77,74.12,22.96,Mild (12-22°C)
393,2012-01-28,1,1,1,0,6,0,1,0.315833,0.326379,0.543333,0.210829,775,3248,4023,Spring,Clear/Partly Cloudy,2012,Sat,12.95,16.32,54.33,14.13,Mild (12-22°C)
394,2012-01-29,1,1,1,0,0,0,1,0.2825,0.272721,0.31125,0.24005,558,2685,3243,Spring,Clear/Partly Cloudy,2012,Sun,11.58,13.64,31.13,16.08,Cold (<12°C)
395,2012-01-30,1,1,1,0,1,1,1,0.269167,0.262625,0.400833,0.215792,126,3498,3624,Spring,Clear/Partly Cloudy,2012,Mon,11.04,13.13,40.08,14.46,Cold (<12°C)
396,2012-01-31,1,1,1,0,2,1,1,0.39,0.381317,0.416667,0.261817,324,4185,4509,Spring,Clear/Partly Cloudy,2012,Tue,15.99,19.07,41.67,17.54,Mild (12-22°C)
397,2012-02-01,1,1,2,0,3,1,1,0.469167,0.466538,0.507917,0.189067,304,4275,4579,Spring,Clear/Partly Cloudy,2012,Wed,19.24,23.33,50.79,12.67,Mild (12-22°C)
398,2012-02-02,1,1,2,0,4,1,2,0.399167,0.398971,0.672917,0.187187,190,3571,3761,Spring,Mist/Cloudy,2012,Thu,16.37,19.95,67.29,12.54,Mild (12-22°C)
399,2012-02-03,1,1,2,0,5,1,1,0.313333,0.309346,0.526667,0.178496,310,3841,4151,Spring,Clear/Partly Cloudy,2012,Fri,12.85,15.47,52.67,11.96,Mild (12-22°C)
400,2012-02-04,1,1,2,0,6,0,2,0.264167,0.272725,0.779583,0.121896,384,2448,2832,Spring,Mist/Cloudy,2012,Sat,10.83,13.64,77.96,8.17,Cold (<12°C)
401,2012-02-05,1,1,2,0,0,0,2,0.265833,0.264521,0.687917,0.175996,318,2629,2947,Spring,Mist/Cloudy,2012,Sun,10.9,13.23,68.79,11.79,Cold (<12°C)
402,2012-02-06,1,1,2,0,1,1,1,0.282609,0.296426,0.622174,0.1538,206,3578,3784,Spring,Clear/Partly Cloudy,2012,Mon,11.59,14.82,62.22,10.3,Cold (<12°C)
403,2012-02-07,1,1,2,0,2,1,1,0.354167,0.361104,0.49625,0.147379,199,4176,4375,Spring,Clear/Partly Cloudy,2012,Tue,14.52,18.06,49.62,9.87,Mild (12-22°C)
404,2012-02-08,1,1,2,0,3,1,2,0.256667,0.266421,0.722917,0.133721,109,2693,2802,Spring,Mist/Cloudy,2012,Wed,10.52,13.32,72.29,8.96,Cold (<12°C)
405,2012-02-09,1,1,2,0,4,1,1,0.265,0.261988,0.562083,0.194037,163,3667,3830,Spring,Clear/Partly Cloudy,2012,Thu,10.86,13.1,56.21,13.0,Cold (<12°C)
406,2012-02-10,1,1,2,0,5,1,2,0.280833,0.293558,0.54,0.116929,227,3604,3831,Spring,Mist/Cloudy,2012,Fri,11.51,14.68,54.0,7.83,Cold (<12°C)
407,2012-02-11,1,1,2,0,6,0,3,0.224167,0.210867,0.73125,0.289796,192,1977,2169,Spring,Light Snow/Rain,2012,Sat,9.19,10.54,73.12,19.42,Cold (<12°C)
408,2012-02-12,1,1,2,0,0,0,1,0.1275,0.101658,0.464583,0.409212,73,1456,1529,Spring,Clear/Partly Cloudy,2012,Sun,5.23,5.08,46.46,27.42,Cold (<12°C)
409,2012-02-13,1,1,2,0,1,1,1,0.2225,0.227913,0.41125,0.167283,94,3328,3422,Spring,Clear/Partly Cloudy,2012,Mon,9.12,11.4,41.12,11.21,Cold (<12°C)
410,2012-02-14,1,1,2,0,2,1,2,0.319167,0.333946,0.50875,0.141179,135,3787,3922,Spring,Mist/Cloudy,2012,Tue,13.09,16.7,50.88,9.46,Mild (12-22°C)
411,2012-02-15,1,1,2,0,3,1,1,0.348333,0.351629,0.53125,0.1816,141,4028,4169,Spring,Clear/Partly Cloudy,2012,Wed,14.28,17.58,53.12,12.17,Mild (12-22°C)
412,2012-02-16,1,1,2,0,4,1,2,0.316667,0.330162,0.752917,0.091425,74,2931,3005,Spring,Mist/Cloudy,2012,Thu,12.98,16.51,75.29,6.13,Mild (12-22°C)
413,2012-02-17,1,1,2,0,5,1,1,0.343333,0.351629,0.634583,0.205846,349,3805,4154,Spring,Clear/Partly Cloudy,2012,Fri,14.08,17.58,63.46,13.79,Mild (12-22°C)
414,2012-02-18,1,1,2,0,6,0,1,0.346667,0.355425,0.534583,0.190929,1435,2883,4318,Spring,Clear/Partly Cloudy,2012,Sat,14.21,17.77,53.46,12.79,Mild (12-22°C)
415,2012-02-19,1,1,2,0,0,0,2,0.28,0.265788,0.515833,0.253112,618,2071,2689,Spring,Mist/Cloudy,2012,Sun,11.48,13.29,51.58,16.96,Cold (<12°C)
416,2012-02-20,1,1,2,1,1,0,1,0.28,0.273391,0.507826,0.229083,502,2627,3129,Spring,Clear/Partly Cloudy,2012,Mon,11.48,13.67,50.78,15.35,Cold (<12°C)
417,2012-02-21,1,1,2,0,2,1,1,0.287826,0.295113,0.594348,0.205717,163,3614,3777,Spring,Clear/Partly Cloudy,2012,Tue,11.8,14.76,59.43,13.78,Cold (<12°C)
418,2012-02-22,1,1,2,0,3,1,1,0.395833,0.392667,0.567917,0.234471,394,4379,4773,Spring,Clear/Partly Cloudy,2012,Wed,16.23,19.63,56.79,15.71,Mild (12-22°C)
419,2012-02-23,1,1,2,0,4,1,1,0.454167,0.444446,0.554583,0.190913,516,4546,5062,Spring,Clear/Partly Cloudy,2012,Thu,18.62,22.22,55.46,12.79,Mild (12-22°C)
420,2012-02-24,1,1,2,0,5,1,2,0.4075,0.410971,0.7375,0.237567,246,3241,3487,Spring,Mist/Cloudy,2012,Fri,16.71,20.55,73.75,15.92,Mild (12-22°C)
421,2012-02-25,1,1,2,0,6,0,1,0.290833,0.255675,0.395833,0.421642,317,2415,2732,Spring,Clear/Partly Cloudy,2012,Sat,11.92,12.78,39.58,28.25,Cold (<12°C)
422,2012-02-26,1,1,2,0,0,0,1,0.279167,0.268308,0.41,0.205229,515,2874,3389,Spring,Clear/Partly Cloudy,2012,Sun,11.45,13.42,41.0,13.75,Cold (<12°C)
423,2012-02-27,1,1,2,0,1,1,1,0.366667,0.357954,0.490833,0.268033,253,4069,4322,Spring,Clear/Partly Cloudy,2012,Mon,15.03,17.9,49.08,17.96,Mild (12-22°C)
424,2012-02-28,1,1,2,0,2,1,1,0.359167,0.353525,0.395833,0.193417,229,4134,4363,Spring,Clear/Partly Cloudy,2012,Tue,14.73,17.68,39.58,12.96,Mild (12-22°C)
425,2012-02-29,1,1,2,0,3,1,2,0.344348,0.34847,0.804783,0.179117,65,1769,1834,Spring,Mist/Cloudy,2012,Wed,14.12,17.42,80.48,12.0,Mild (12-22°C)
426,2012-03-01,1,1,3,0,4,1,1,0.485833,0.475371,0.615417,0.226987,325,4665,4990,Spring,Clear/Partly Cloudy,2012,Thu,19.92,23.77,61.54,15.21,Mild (12-22°C)
427,2012-03-02,1,1,3,0,5,1,2,0.353333,0.359842,0.657083,0.144904,246,2948,3194,Spring,Mist/Cloudy,2012,Fri,14.49,17.99,65.71,9.71,Mild (12-22°C)
428,2012-03-03,1,1,3,0,6,0,2,0.414167,0.413492,0.62125,0.161079,956,3110,4066,Spring,Mist/Cloudy,2012,Sat,16.98,20.67,62.12,10.79,Mild (12-22°C)
429,2012-03-04,1,1,3,0,0,0,1,0.325833,0.303021,0.403333,0.334571,710,2713,3423,Spring,Clear/Partly Cloudy,2012,Sun,13.36,15.15,40.33,22.42,Mild (12-22°C)
430,2012-03-05,1,1,3,0,1,1,1,0.243333,0.241171,0.50625,0.228858,203,3130,3333,Spring,Clear/Partly Cloudy,2012,Mon,9.98,12.06,50.62,15.33,Cold (<12°C)
431,2012-03-06,1,1,3,0,2,1,1,0.258333,0.255042,0.456667,0.200875,221,3735,3956,Spring,Clear/Partly Cloudy,2012,Tue,10.59,12.75,45.67,13.46,Cold (<12°C)
432,2012-03-07,1,1,3,0,3,1,1,0.404167,0.3851,0.513333,0.345779,432,4484,4916,Spring,Clear/Partly Cloudy,2012,Wed,16.57,19.26,51.33,23.17,Mild (12-22°C)
433,2012-03-08,1,1,3,0,4,1,1,0.5275,0.524604,0.5675,0.441563,486,4896,5382,Spring,Clear/Partly Cloudy,2012,Thu,21.63,26.23,56.75,29.58,Mild (12-22°C)
434,2012-03-09,1,1,3,0,5,1,2,0.410833,0.397083,0.407083,0.4148,447,4122,4569,Spring,Mist/Cloudy,2012,Fri,16.84,19.85,40.71,27.79,Mild (12-22°C)
435,2012-03-10,1,1,3,0,6,0,1,0.2875,0.277767,0.350417,0.22575,968,3150,4118,Spring,Clear/Partly Cloudy,2012,Sat,11.79,13.89,35.04,15.13,Cold (<12°C)
436,2012-03-11,1,1,3,0,0,0,1,0.361739,0.35967,0.476957,0.222587,1658,3253,4911,Spring,Clear/Partly Cloudy,2012,Sun,14.83,17.98,47.7,14.91,Mild (12-22°C)
437,2012-03-12,1,1,3,0,1,1,1,0.466667,0.459592,0.489167,0.207713,838,4460,5298,Spring,Clear/Partly Cloudy,2012,Mon,19.13,22.98,48.92,13.92,Mild (12-22°C)
438,2012-03-13,1,1,3,0,2,1,1,0.565,0.542929,0.6175,0.23695,762,5085,5847,Spring,Clear/Partly Cloudy,2012,Tue,23.16,27.15,61.75,15.88,Warm (>22°C)
439,2012-03-14,1,1,3,0,3,1,1,0.5725,0.548617,0.507083,0.115062,997,5315,6312,Spring,Clear/Partly Cloudy,2012,Wed,23.47,27.43,50.71,7.71,Warm (>22°C)
440,2012-03-15,1,1,3,0,4,1,1,0.5575,0.532825,0.579583,0.149883,1005,5187,6192,Spring,Clear/Partly Cloudy,2012,Thu,22.86,26.64,57.96,10.04,Warm (>22°C)
441,2012-03-16,1,1,3,0,5,1,2,0.435833,0.436229,0.842083,0.113192,548,3830,4378,Spring,Mist/Cloudy,2012,Fri,17.87,21.81,84.21,7.58,Mild (12-22°C)
442,2012-03-17,1,1,3,0,6,0,2,0.514167,0.505046,0.755833,0.110704,3155,4681,7836,Spring,Mist/Cloudy,2012,Sat,21.08,25.25,75.58,7.42,Mild (12-22°C)
443,2012-03-18,1,1,3,0,0,0,2,0.4725,0.464,0.81,0.126883,2207,3685,5892,Spring,Mist/Cloudy,2012,Sun,19.37,23.2,81.0,8.5,Mild (12-22°C)
444,2012-03-19,1,1,3,0,1,1,1,0.545,0.532821,0.72875,0.162317,982,5171,6153,Spring,Clear/Partly Cloudy,2012,Mon,22.35,26.64,72.88,10.88,Warm (>22°C)
445,2012-03-20,1,1,3,0,2,1,1,0.560833,0.538533,0.807917,0.121271,1051,5042,6093,Spring,Clear/Partly Cloudy,2012,Tue,22.99,26.93,80.79,8.13,Warm (>22°C)
446,2012-03-21,2,1,3,0,3,1,2,0.531667,0.513258,0.82125,0.0895583,1122,5108,6230,Summer,Mist/Cloudy,2012,Wed,21.8,25.66,82.12,6.0,Mild (12-22°C)
447,2012-03-22,2,1,3,0,4,1,1,0.554167,0.531567,0.83125,0.117562,1334,5537,6871,Summer,Clear/Partly Cloudy,2012,Thu,22.72,26.58,83.12,7.88,Warm (>22°C)
448,2012-03-23,2,1,3,0,5,1,2,0.601667,0.570067,0.694167,0.1163,2469,5893,8362,Summer,Mist/Cloudy,2012,Fri,24.67,28.5,69.42,7.79,Warm (>22°C)
449,2012-03-24,2,1,3,0,6,0,2,0.5025,0.486733,0.885417,0.192783,1033,2339,3372,Summer,Mist/Cloudy,2012,Sat,20.6,24.34,88.54,12.92,Mild (12-22°C)
450,2012-03-25,2,1,3,0,0,0,2,0.4375,0.437488,0.880833,0.220775,1532,3464,4996,Summer,Mist/Cloudy,2012,Sun,17.94,21.87,88.08,14.79,Mild (12-22°C)
451,2012-03-26,2,1,3,0,1,1,1,0.445833,0.43875,0.477917,0.386821,795,4763,5558,Summer,Clear/Partly Cloudy,2012,Mon,18.28,21.94,47.79,25.92,Mild (12-22°C)
452,2012-03-27,2,1,3,0,2,1,1,0.323333,0.315654,0.29,0.187192,531,4571,5102,Summer,Clear/Partly Cloudy,2012,Tue,13.26,15.78,29.0,12.54,Mild (12-22°C)
453,2012-03-28,2,1,3,0,3,1,1,0.484167,0.47095,0.48125,0.291671,674,5024,5698,Summer,Clear/Partly Cloudy,2012,Wed,19.85,23.55,48.12,19.54,Mild (12-22°C)
454,2012-03-29,2,1,3,0,4,1,1,0.494167,0.482304,0.439167,0.31965,834,5299,6133,Summer,Clear/Partly Cloudy,2012,Thu,20.26,24.12,43.92,21.42,Mild (12-22°C)
455,2012-03-30,2,1,3,0,5,1,2,0.37,0.375621,0.580833,0.138067,796,4663,5459,Summer,Mist/Cloudy,2012,Fri,15.17,18.78,58.08,9.25,Mild (12-22°C)
456,2012-03-31,2,1,3,0,6,0,2,0.424167,0.421708,0.738333,0.250617,2301,3934,6235,Summer,Mist/Cloudy,2012,Sat,17.39,21.09,73.83,16.79,Mild (12-22°C)
457,2012-04-01,2,1,4,0,0,0,2,0.425833,0.417287,0.67625,0.172267,2347,3694,6041,Summer,Mist/Cloudy,2012,Sun,17.46,20.86,67.62,11.54,Mild (12-22°C)
458,2012-04-02,2,1,4,0,1,1,1,0.433913,0.427513,0.504348,0.312139,1208,4728,5936,Summer,Clear/Partly Cloudy,2012,Mon,17.79,21.38,50.43,20.91,Mild (12-22°C)
459,2012-04-03,2,1,4,0,2,1,1,0.466667,0.461483,0.396667,0.100133,1348,5424,6772,Summer,Clear/Partly Cloudy,2012,Tue,19.13,23.07,39.67,6.71,Mild (12-22°C)
460,2012-04-04,2,1,4,0,3,1,1,0.541667,0.53345,0.469583,0.180975,1058,5378,6436,Summer,Clear/Partly Cloudy,2012,Wed,22.21,26.67,46.96,12.13,Warm (>22°C)
461,2012-04-05,2,1,4,0,4,1,1,0.435,0.431163,0.374167,0.219529,1192,5265,6457,Summer,Clear/Partly Cloudy,2012,Thu,17.84,21.56,37.42,14.71,Mild (12-22°C)
462,2012-04-06,2,1,4,0,5,1,1,0.403333,0.390767,0.377083,0.300388,1807,4653,6460,Summer,Clear/Partly Cloudy,2012,Fri,16.54,19.54,37.71,20.13,Mild (12-22°C)
463,2012-04-07,2,1,4,0,6,0,1,0.4375,0.426129,0.254167,0.274871,3252,3605,6857,Summer,Clear/Partly Cloudy,2012,Sat,17.94,21.31,25.42,18.42,Mild (12-22°C)
464,2012-04-08,2,1,4,0,0,0,1,0.5,0.492425,0.275833,0.232596,2230,2939,5169,Summer,Clear/Partly Cloudy,2012,Sun,20.5,24.62,27.58,15.58,Mild (12-22°C)
465,2012-04-09,2,1,4,0,1,1,1,0.489167,0.476638,0.3175,0.358196,905,4680,5585,Summer,Clear/Partly Cloudy,2012,Mon,20.06,23.83,31.75,24.0,Mild (12-22°C)
466,2012-04-10,2,1,4,0,2,1,1,0.446667,0.436233,0.435,0.249375,819,5099,5918,Summer,Clear/Partly Cloudy,2012,Tue,18.31,21.81,43.5,16.71,Mild (12-22°C)
467,2012-04-11,2,1,4,0,3,1,1,0.348696,0.337274,0.469565,0.295274,482,4380,4862,Summer,Clear/Partly Cloudy,2012,Wed,14.3,16.86,46.96,19.78,Mild (12-22°C)
468,2012-04-12,2,1,4,0,4,1,1,0.3975,0.387604,0.46625,0.290429,663,4746,5409,Summer,Clear/Partly Cloudy,2012,Thu,16.3,19.38,46.62,19.46,Mild (12-22°C)
469,2012-04-13,2,1,4,0,5,1,1,0.4425,0.431808,0.408333,0.155471,1252,5146,6398,Summer,Clear/Partly Cloudy,2012,Fri,18.14,21.59,40.83,10.42,Mild (12-22°C)
470,2012-04-14,2,1,4,0,6,0,1,0.495,0.487996,0.502917,0.190917,2795,4665,7460,Summer,Clear/Partly Cloudy,2012,Sat,20.29,24.4,50.29,12.79,Mild (12-22°C)
471,2012-04-15,2,1,4,0,0,0,1,0.606667,0.573875,0.507917,0.225129,2846,4286,7132,Summer,Clear/Partly Cloudy,2012,Sun,24.87,28.69,50.79,15.08,Warm (>22°C)
472,2012-04-16,2,1,4,1,1,0,1,0.664167,0.614925,0.561667,0.284829,1198,5172,6370,Summer,Clear/Partly Cloudy,2012,Mon,27.23,30.75,56.17,19.08,Warm (>22°C)
473,2012-04-17,2,1,4,0,2,1,1,0.608333,0.598487,0.390417,0.273629,989,5702,6691,Summer,Clear/Partly Cloudy,2012,Tue,24.94,29.92,39.04,18.33,Warm (>22°C)
474,2012-04-18,2,1,4,0,3,1,2,0.463333,0.457038,0.569167,0.167912,347,4020,4367,Summer,Mist/Cloudy,2012,Wed,19.0,22.85,56.92,11.25,Mild (12-22°C)
475,2012-04-19,2,1,4,0,4,1,1,0.498333,0.493046,0.6125,0.0659292,846,5719,6565,Summer,Clear/Partly Cloudy,2012,Thu,20.43,24.65,61.25,4.42,Mild (12-22°C)
476,2012-04-20,2,1,4,0,5,1,1,0.526667,0.515775,0.694583,0.149871,1340,5950,7290,Summer,Clear/Partly Cloudy,2012,Fri,21.59,25.79,69.46,10.04,Mild (12-22°C)
477,2012-04-21,2,1,4,0,6,0,1,0.57,0.542921,0.682917,0.283587,2541,4083,6624,Summer,Clear/Partly Cloudy,2012,Sat,23.37,27.15,68.29,19.0,Warm (>22°C)
478,2012-04-22,2,1,4,0,0,0,3,0.396667,0.389504,0.835417,0.344546,120,907,1027,Summer,Light Snow/Rain,2012,Sun,16.26,19.48,83.54,23.08,Mild (12-22°C)
479,2012-04-23,2,1,4,0,1,1,2,0.321667,0.301125,0.766667,0.303496,195,3019,3214,Summer,Mist/Cloudy,2012,Mon,13.19,15.06,76.67,20.33,Mild (12-22°C)
480,2012-04-24,2,1,4,0,2,1,1,0.413333,0.405283,0.454167,0.249383,518,5115,5633,Summer,Clear/Partly Cloudy,2012,Tue,16.95,20.26,45.42,16.71,Mild (12-22°C)
481,2012-04-25,2,1,4,0,3,1,1,0.476667,0.470317,0.427917,0.118792,655,5541,6196,Summer,Clear/Partly Cloudy,2012,Wed,19.54,23.52,42.79,7.96,Mild (12-22°C)
482,2012-04-26,2,1,4,0,4,1,2,0.498333,0.483583,0.756667,0.176625,475,4551,5026,Summer,Mist/Cloudy,2012,Thu,20.43,24.18,75.67,11.83,Mild (12-22°C)
483,2012-04-27,2,1,4,0,5,1,1,0.4575,0.452637,0.400833,0.347633,1014,5219,6233,Summer,Clear/Partly Cloudy,2012,Fri,18.76,22.63,40.08,23.29,Mild (12-22°C)
484,2012-04-28,2,1,4,0,6,0,2,0.376667,0.377504,0.489583,0.129975,1120,3100,4220,Summer,Mist/Cloudy,2012,Sat,15.44,18.88,48.96,8.71,Mild (12-22°C)
485,2012-04-29,2,1,4,0,0,0,1,0.458333,0.450121,0.587083,0.116908,2229,4075,6304,Summer,Clear/Partly Cloudy,2012,Sun,18.79,22.51,58.71,7.83,Mild (12-22°C)
486,2012-04-30,2,1,4,0,1,1,2,0.464167,0.457696,0.57,0.171638,665,4907,5572,Summer,Mist/Cloudy,2012,Mon,19.03,22.88,57.0,11.5,Mild (12-22°C)
487,2012-05-01,2,1,5,0,2,1,2,0.613333,0.577021,0.659583,0.156096,653,5087,5740,Summer,Mist/Cloudy,2012,Tue,25.15,28.85,65.96,10.46,Warm (>22°C)
488,2012-05-02,2,1,5,0,3,1,1,0.564167,0.537896,0.797083,0.138058,667,5502,6169,Summer,Clear/Partly Cloudy,2012,Wed,23.13,26.89,79.71,9.25,Warm (>22°C)
489,2012-05-03,2,1,5,0,4,1,2,0.56,0.537242,0.768333,0.133696,764,5657,6421,Summer,Mist/Cloudy,2012,Thu,22.96,26.86,76.83,8.96,Warm (>22°C)
490,2012-05-04,2,1,5,0,5,1,1,0.6275,0.590917,0.735417,0.162938,1069,5227,6296,Summer,Clear/Partly Cloudy,2012,Fri,25.73,29.55,73.54,10.92,Warm (>22°C)
491,2012-05-05,2,1,5,0,6,0,2,0.621667,0.584608,0.756667,0.152992,2496,4387,6883,Summer,Mist/Cloudy,2012,Sat,25.49,29.23,75.67,10.25,Warm (>22°C)
492,2012-05-06,2,1,5,0,0,0,2,0.5625,0.546737,0.74,0.149879,2135,4224,6359,Summer,Mist/Cloudy,2012,Sun,23.06,27.34,74.0,10.04,Warm (>22°C)
493,2012-05-07,2,1,5,0,1,1,2,0.5375,0.527142,0.664167,0.230721,1008,5265,6273,Summer,Mist/Cloudy,2012,Mon,22.04,26.36,66.42,15.46,Warm (>22°C)
494,2012-05-08,2,1,5,0,2,1,2,0.581667,0.557471,0.685833,0.296029,738,4990,5728,Summer,Mist/Cloudy,2012,Tue,23.85,27.87,68.58,19.83,Warm (>22°C)
495,2012-05-09,2,1,5,0,3,1,2,0.575,0.553025,0.744167,0.216412,620,4097,4717,Summer,Mist/Cloudy,2012,Wed,23.58,27.65,74.42,14.5,Warm (>22°C)
496,2012-05-10,2,1,5,0,4,1,1,0.505833,0.491783,0.552083,0.314063,1026,5546,6572,Summer,Clear/Partly Cloudy,2012,Thu,20.74,24.59,55.21,21.04,Mild (12-22°C)
497,2012-05-11,2,1,5,0,5,1,1,0.533333,0.520833,0.360417,0.236937,1319,5711,7030,Summer,Clear/Partly Cloudy,2012,Fri,21.87,26.04,36.04,15.87,Mild (12-22°C)
498,2012-05-12,2,1,5,0,6,0,1,0.564167,0.544817,0.480417,0.123133,2622,4807,7429,Summer,Clear/Partly Cloudy,2012,Sat,23.13,27.24,48.04,8.25,Warm (>22°C)
499,2012-05-13,2,1,5,0,0,0,1,0.6125,0.585238,0.57625,0.225117,2172,3946,6118,Summer,Clear/Partly Cloudy,2012,Sun,25.11,29.26,57.63,15.08,Warm (>22°C)
500,2012-05-14,2,1,5,0,1,1,2,0.573333,0.5499,0.789583,0.212692,342,2501,2843,Summer,Mist/Cloudy,2012,Mon,23.51,27.5,78.96,14.25,Warm (>22°C)
501,2012-05-15,2,1,5,0,2,1,2,0.611667,0.576404,0.794583,0.147392,625,4490,5115,Summer,Mist/Cloudy,2012,Tue,25.08,28.82,79.46,9.88,Warm (>22°C)
502,2012-05-16,2,1,5,0,3,1,1,0.636667,0.595975,0.697917,0.122512,991,6433,7424,Summer,Clear/Partly Cloudy,2012,Wed,26.1,29.8,69.79,8.21,Warm (>22°C)
503,2012-05-17,2,1,5,0,4,1,1,0.593333,0.572613,0.52,0.229475,1242,6142,7384,Summer,Clear/Partly Cloudy,2012,Thu,24.33,28.63,52.0,15.37,Warm (>22°C)
504,2012-05-18,2,1,5,0,5,1,1,0.564167,0.551121,0.523333,0.136817,1521,6118,7639,Summer,Clear/Partly Cloudy,2012,Fri,23.13,27.56,52.33,9.17,Warm (>22°C)
505,2012-05-19,2,1,5,0,6,0,1,0.6,0.566908,0.45625,0.083975,3410,4884,8294,Summer,Clear/Partly Cloudy,2012,Sat,24.6,28.35,45.62,5.63,Warm (>22°C)
506,2012-05-20,2,1,5,0,0,0,1,0.620833,0.583967,0.530417,0.254367,2704,4425,7129,Summer,Clear/Partly Cloudy,2012,Sun,25.45,29.2,53.04,17.04,Warm (>22°C)
507,2012-05-21,2,1,5,0,1,1,2,0.598333,0.565667,0.81125,0.233204,630,3729,4359,Summer,Mist/Cloudy,2012,Mon,24.53,28.28,81.12,15.62,Warm (>22°C)
508,2012-05-22,2,1,5,0,2,1,2,0.615,0.580825,0.765833,0.118167,819,5254,6073,Summer,Mist/Cloudy,2012,Tue,25.22,29.04,76.58,7.92,Warm (>22°C)
509,2012-05-23,2,1,5,0,3,1,2,0.621667,0.584612,0.774583,0.102,766,4494,5260,Summer,Mist/Cloudy,2012,Wed,25.49,29.23,77.46,6.83,Warm (>22°C)
510,2012-05-24,2,1,5,0,4,1,1,0.655,0.6067,0.716667,0.172896,1059,5711,6770,Summer,Clear/Partly Cloudy,2012,Thu,26.86,30.34,71.67,11.58,Warm (>22°C)
511,2012-05-25,2,1,5,0,5,1,1,0.68,0.627529,0.747083,0.14055,1417,5317,6734,Summer,Clear/Partly Cloudy,2012,Fri,27.88,31.38,74.71,9.42,Warm (>22°C)
512,2012-05-26,2,1,5,0,6,0,1,0.6925,0.642696,0.7325,0.198992,2855,3681,6536,Summer,Clear/Partly Cloudy,2012,Sat,28.39,32.13,73.25,13.33,Warm (>22°C)
513,2012-05-27,2,1,5,0,0,0,1,0.69,0.641425,0.697083,0.215171,3283,3308,6591,Summer,Clear/Partly Cloudy,2012,Sun,28.29,32.07,69.71,14.42,Warm (>22°C)
514,2012-05-28,2,1,5,1,1,0,1,0.7125,0.6793,0.67625,0.196521,2557,3486,6043,Summer,Clear/Partly Cloudy,2012,Mon,29.21,33.97,67.62,13.17,Warm (>22°C)
515,2012-05-29,2,1,5,0,2,1,1,0.7225,0.672992,0.684583,0.2954,880,4863,5743,Summer,Clear/Partly Cloudy,2012,Tue,29.62,33.65,68.46,19.79,Warm (>22°C)
516,2012-05-30,2,1,5,0,3,1,2,0.656667,0.611129,0.67,0.134329,745,6110,6855,Summer,Mist/Cloudy,2012,Wed,26.92,30.56,67.0,9.0,Warm (>22°C)
517,2012-05-31,2,1,5,0,4,1,1,0.68,0.631329,0.492917,0.195279,1100,6238,7338,Summer,Clear/Partly Cloudy,2012,Thu,27.88,31.57,49.29,13.08,Warm (>22°C)
518,2012-06-01,2,1,6,0,5,1,2,0.654167,0.607962,0.755417,0.237563,533,3594,4127,Summer,Mist/Cloudy,2012,Fri,26.82,30.4,75.54,15.92,Warm (>22°C)
519,2012-06-02,2,1,6,0,6,0,1,0.583333,0.566288,0.549167,0.186562,2795,5325,8120,Summer,Clear/Partly Cloudy,2012,Sat,23.92,28.31,54.92,12.5,Warm (>22°C)
520,2012-06-03,2,1,6,0,0,0,1,0.6025,0.575133,0.493333,0.184087,2494,5147,7641,Summer,Clear/Partly Cloudy,2012,Sun,24.7,28.76,49.33,12.33,Warm (>22°C)
521,2012-06-04,2,1,6,0,1,1,1,0.5975,0.578283,0.487083,0.284833,1071,5927,6998,Summer,Clear/Partly Cloudy,2012,Mon,24.5,28.91,48.71,19.08,Warm (>22°C)
522,2012-06-05,2,1,6,0,2,1,2,0.540833,0.525892,0.613333,0.209575,968,6033,7001,Summer,Mist/Cloudy,2012,Tue,22.17,26.29,61.33,14.04,Warm (>22°C)
523,2012-06-06,2,1,6,0,3,1,1,0.554167,0.542292,0.61125,0.077125,1027,6028,7055,Summer,Clear/Partly Cloudy,2012,Wed,22.72,27.11,61.12,5.17,Warm (>22°C)
524,2012-06-07,2,1,6,0,4,1,1,0.6025,0.569442,0.567083,0.15735,1038,6456,7494,Summer,Clear/Partly Cloudy,2012,Thu,24.7,28.47,56.71,10.54,Warm (>22°C)
525,2012-06-08,2,1,6,0,5,1,1,0.649167,0.597862,0.467917,0.175383,1488,6248,7736,Summer,Clear/Partly Cloudy,2012,Fri,26.62,29.89,46.79,11.75,Warm (>22°C)
526,2012-06-09,2,1,6,0,6,0,1,0.710833,0.648367,0.437083,0.144287,2708,4790,7498,Summer,Clear/Partly Cloudy,2012,Sat,29.14,32.42,43.71,9.67,Warm (>22°C)
527,2012-06-10,2,1,6,0,0,0,1,0.726667,0.663517,0.538333,0.133721,2224,4374,6598,Summer,Clear/Partly Cloudy,2012,Sun,29.79,33.18,53.83,8.96,Warm (>22°C)
528,2012-06-11,2,1,6,0,1,1,2,0.720833,0.659721,0.587917,0.207713,1017,5647,6664,Summer,Mist/Cloudy,2012,Mon,29.55,32.99,58.79,13.92,Warm (>22°C)
529,2012-06-12,2,1,6,0,2,1,2,0.653333,0.597875,0.833333,0.214546,477,4495,4972,Summer,Mist/Cloudy,2012,Tue,26.79,29.89,83.33,14.37,Warm (>22°C)
530,2012-06-13,2,1,6,0,3,1,1,0.655833,0.611117,0.582083,0.343279,1173,6248,7421,Summer,Clear/Partly Cloudy,2012,Wed,26.89,30.56,58.21,23.0,Warm (>22°C)
531,2012-06-14,2,1,6,0,4,1,1,0.648333,0.624383,0.569583,0.253733,1180,6183,7363,Summer,Clear/Partly Cloudy,2012,Thu,26.58,31.22,56.96,17.0,Warm (>22°C)
532,2012-06-15,2,1,6,0,5,1,1,0.639167,0.599754,0.589583,0.176617,1563,6102,7665,Summer,Clear/Partly Cloudy,2012,Fri,26.21,29.99,58.96,11.83,Warm (>22°C)
533,2012-06-16,2,1,6,0,6,0,1,0.631667,0.594708,0.504167,0.166667,2963,4739,7702,Summer,Clear/Partly Cloudy,2012,Sat,25.9,29.74,50.42,11.17,Warm (>22°C)
534,2012-06-17,2,1,6,0,0,0,1,0.5925,0.571975,0.59875,0.144904,2634,4344,6978,Summer,Clear/Partly Cloudy,2012,Sun,24.29,28.6,59.88,9.71,Warm (>22°C)
535,2012-06-18,2,1,6,0,1,1,2,0.568333,0.544842,0.777917,0.174746,653,4446,5099,Summer,Mist/Cloudy,2012,Mon,23.3,27.24,77.79,11.71,Warm (>22°C)
536,2012-06-19,2,1,6,0,2,1,1,0.688333,0.654692,0.69,0.148017,968,5857,6825,Summer,Clear/Partly Cloudy,2012,Tue,28.22,32.73,69.0,9.92,Warm (>22°C)
537,2012-06-20,2,1,6,0,3,1,1,0.7825,0.720975,0.592083,0.113812,872,5339,6211,Summer,Clear/Partly Cloudy,2012,Wed,32.08,36.05,59.21,7.63,Warm (>22°C)
538,2012-06-21,3,1,6,0,4,1,1,0.805833,0.752542,0.567917,0.118787,778,5127,5905,Fall,Clear/Partly Cloudy,2012,Thu,33.04,37.63,56.79,7.96,Warm (>22°C)
539,2012-06-22,3,1,6,0,5,1,1,0.7775,0.724121,0.57375,0.182842,964,4859,5823,Fall,Clear/Partly Cloudy,2012,Fri,31.88,36.21,57.38,12.25,Warm (>22°C)
540,2012-06-23,3,1,6,0,6,0,1,0.731667,0.652792,0.534583,0.179721,2657,4801,7458,Fall,Clear/Partly Cloudy,2012,Sat,30.0,32.64,53.46,12.04,Warm (>22°C)
541,2012-06-24,3,1,6,0,0,0,1,0.743333,0.674254,0.479167,0.145525,2551,4340,6891,Fall,Clear/Partly Cloudy,2012,Sun,30.48,33.71,47.92,9.75,Warm (>22°C)
542,2012-06-25,3,1,6,0,1,1,1,0.715833,0.654042,0.504167,0.300383,1139,5640,6779,Fall,Clear/Partly Cloudy,2012,Mon,29.35,32.7,50.42,20.13,Warm (>22°C)
543,2012-06-26,3,1,6,0,2,1,1,0.630833,0.594704,0.373333,0.347642,1077,6365,7442,Fall,Clear/Partly Cloudy,2012,Tue,25.86,29.74,37.33,23.29,Warm (>22°C)
544,2012-06-27,3,1,6,0,3,1,1,0.6975,0.640792,0.36,0.271775,1077,6258,7335,Fall,Clear/Partly Cloudy,2012,Wed,28.6,32.04,36.0,18.21,Warm (>22°C)
545,2012-06-28,3,1,6,0,4,1,1,0.749167,0.675512,0.4225,0.17165,921,5958,6879,Fall,Clear/Partly Cloudy,2012,Thu,30.72,33.78,42.25,11.5,Warm (>22°C)
546,2012-06-29,3,1,6,0,5,1,1,0.834167,0.786613,0.48875,0.165417,829,4634,5463,Fall,Clear/Partly Cloudy,2012,Fri,34.2,39.33,48.88,11.08,Warm (>22°C)
547,2012-06-30,3,1,6,0,6,0,1,0.765,0.687508,0.60125,0.161071,1455,4232,5687,Fall,Clear/Partly Cloudy,2012,Sat,31.36,34.38,60.12,10.79,Warm (>22°C)
548,2012-07-01,3,1,7,0,0,0,1,0.815833,0.750629,0.51875,0.168529,1421,4110,5531,Fall,Clear/Partly Cloudy,2012,Sun,33.45,37.53,51.88,11.29,Warm (>22°C)
549,2012-07-02,3,1,7,0,1,1,1,0.781667,0.702038,0.447083,0.195267,904,5323,6227,Fall,Clear/Partly Cloudy,2012,Mon,32.05,35.1,44.71,13.08,Warm (>22°C)
550,2012-07-03,3,1,7,0,2,1,1,0.780833,0.70265,0.492083,0.126237,1052,5608,6660,Fall,Clear/Partly Cloudy,2012,Tue,32.01,35.13,49.21,8.46,Warm (>22°C)
551,2012-07-04,3,1,7,1,3,0,1,0.789167,0.732337,0.53875,0.13495,2562,4841,7403,Fall,Clear/Partly Cloudy,2012,Wed,32.36,36.62,53.87,9.04,Warm (>22°C)
552,2012-07-05,3,1,7,0,4,1,1,0.8275,0.761367,0.457917,0.194029,1405,4836,6241,Fall,Clear/Partly Cloudy,2012,Thu,33.93,38.07,45.79,13.0,Warm (>22°C)
553,2012-07-06,3,1,7,0,5,1,1,0.828333,0.752533,0.450833,0.146142,1366,4841,6207,Fall,Clear/Partly Cloudy,2012,Fri,33.96,37.63,45.08,9.79,Warm (>22°C)
554,2012-07-07,3,1,7,0,6,0,1,0.861667,0.804913,0.492083,0.163554,1448,3392,4840,Fall,Clear/Partly Cloudy,2012,Sat,35.33,40.25,49.21,10.96,Warm (>22°C)
555,2012-07-08,3,1,7,0,0,0,1,0.8225,0.790396,0.57375,0.125629,1203,3469,4672,Fall,Clear/Partly Cloudy,2012,Sun,33.72,39.52,57.38,8.42,Warm (>22°C)
556,2012-07-09,3,1,7,0,1,1,2,0.710833,0.654054,0.683333,0.180975,998,5571,6569,Fall,Mist/Cloudy,2012,Mon,29.14,32.7,68.33,12.13,Warm (>22°C)
557,2012-07-10,3,1,7,0,2,1,2,0.720833,0.664796,0.6675,0.151737,954,5336,6290,Fall,Mist/Cloudy,2012,Tue,29.55,33.24,66.75,10.17,Warm (>22°C)
558,2012-07-11,3,1,7,0,3,1,1,0.716667,0.650271,0.633333,0.151733,975,6289,7264,Fall,Clear/Partly Cloudy,2012,Wed,29.38,32.51,63.33,10.17,Warm (>22°C)
559,2012-07-12,3,1,7,0,4,1,1,0.715833,0.654683,0.529583,0.146775,1032,6414,7446,Fall,Clear/Partly Cloudy,2012,Thu,29.35,32.73,52.96,9.83,Warm (>22°C)
560,2012-07-13,3,1,7,0,5,1,2,0.731667,0.667933,0.485833,0.08085,1511,5988,7499,Fall,Mist/Cloudy,2012,Fri,30.0,33.4,48.58,5.42,Warm (>22°C)
561,2012-07-14,3,1,7,0,6,0,2,0.703333,0.666042,0.699167,0.143679,2355,4614,6969,Fall,Mist/Cloudy,2012,Sat,28.84,33.3,69.92,9.63,Warm (>22°C)
562,2012-07-15,3,1,7,0,0,0,1,0.745833,0.705196,0.717917,0.166667,1920,4111,6031,Fall,Clear/Partly Cloudy,2012,Sun,30.58,35.26,71.79,11.17,Warm (>22°C)
563,2012-07-16,3,1,7,0,1,1,1,0.763333,0.724125,0.645,0.164187,1088,5742,6830,Fall,Clear/Partly Cloudy,2012,Mon,31.3,36.21,64.5,11.0,Warm (>22°C)
564,2012-07-17,3,1,7,0,2,1,1,0.818333,0.755683,0.505833,0.114429,921,5865,6786,Fall,Clear/Partly Cloudy,2012,Tue,33.55,37.78,50.58,7.67,Warm (>22°C)
565,2012-07-18,3,1,7,0,3,1,1,0.793333,0.745583,0.577083,0.137442,799,4914,5713,Fall,Clear/Partly Cloudy,2012,Wed,32.53,37.28,57.71,9.21,Warm (>22°C)
566,2012-07-19,3,1,7,0,4,1,1,0.77,0.714642,0.600417,0.165429,888,5703,6591,Fall,Clear/Partly Cloudy,2012,Thu,31.57,35.73,60.04,11.08,Warm (>22°C)
567,2012-07-20,3,1,7,0,5,1,2,0.665833,0.613025,0.844167,0.208967,747,5123,5870,Fall,Mist/Cloudy,2012,Fri,27.3,30.65,84.42,14.0,Warm (>22°C)
568,2012-07-21,3,1,7,0,6,0,3,0.595833,0.549912,0.865417,0.2133,1264,3195,4459,Fall,Light Snow/Rain,2012,Sat,24.43,27.5,86.54,14.29,Warm (>22°C)
569,2012-07-22,3,1,7,0,0,0,2,0.6675,0.623125,0.7625,0.0939208,2544,4866,7410,Fall,Mist/Cloudy,2012,Sun,27.37,31.16,76.25,6.29,Warm (>22°C)
570,2012-07-23,3,1,7,0,1,1,1,0.741667,0.690017,0.694167,0.138683,1135,5831,6966,Fall,Clear/Partly Cloudy,2012,Mon,30.41,34.5,69.42,9.29,Warm (>22°C)
571,2012-07-24,3,1,7,0,2,1,1,0.750833,0.70645,0.655,0.211454,1140,6452,7592,Fall,Clear/Partly Cloudy,2012,Tue,30.78,35.32,65.5,14.17,Warm (>22°C)
572,2012-07-25,3,1,7,0,3,1,1,0.724167,0.654054,0.45,0.1648,1383,6790,8173,Fall,Clear/Partly Cloudy,2012,Wed,29.69,32.7,45.0,11.04,Warm (>22°C)
573,2012-07-26,3,1,7,0,4,1,1,0.776667,0.739263,0.596667,0.284813,1036,5825,6861,Fall,Clear/Partly Cloudy,2012,Thu,31.84,36.96,59.67,19.08,Warm (>22°C)
574,2012-07-27,3,1,7,0,5,1,1,0.781667,0.734217,0.594583,0.152992,1259,5645,6904,Fall,Clear/Partly Cloudy,2012,Fri,32.05,36.71,59.46,10.25,Warm (>22°C)
575,2012-07-28,3,1,7,0,6,0,1,0.755833,0.697604,0.613333,0.15735,2234,4451,6685,Fall,Clear/Partly Cloudy,2012,Sat,30.99,34.88,61.33,10.54,Warm (>22°C)
576,2012-07-29,3,1,7,0,0,0,1,0.721667,0.667933,0.62375,0.170396,2153,4444,6597,Fall,Clear/Partly Cloudy,2012,Sun,29.59,33.4,62.38,11.42,Warm (>22°C)
577,2012-07-30,3,1,7,0,1,1,1,0.730833,0.684987,0.66875,0.153617,1040,6065,7105,Fall,Clear/Partly Cloudy,2012,Mon,29.96,34.25,66.88,10.29,Warm (>22°C)
578,2012-07-31,3,1,7,0,2,1,1,0.713333,0.662896,0.704167,0.165425,968,6248,7216,Fall,Clear/Partly Cloudy,2012,Tue,29.25,33.14,70.42,11.08,Warm (>22°C)
579,2012-08-01,3,1,8,0,3,1,1,0.7175,0.667308,0.6775,0.141179,1074,6506,7580,Fall,Clear/Partly Cloudy,2012,Wed,29.42,33.37,67.75,9.46,Warm (>22°C)
580,2012-08-02,3,1,8,0,4,1,1,0.7525,0.707088,0.659583,0.129354,983,6278,7261,Fall,Clear/Partly Cloudy,2012,Thu,30.85,35.35,65.96,8.67,Warm (>22°C)
581,2012-08-03,3,1,8,0,5,1,2,0.765833,0.722867,0.6425,0.215792,1328,5847,7175,Fall,Mist/Cloudy,2012,Fri,31.4,36.14,64.25,14.46,Warm (>22°C)
582,2012-08-04,3,1,8,0,6,0,1,0.793333,0.751267,0.613333,0.257458,2345,4479,6824,Fall,Clear/Partly Cloudy,2012,Sat,32.53,37.56,61.33,17.25,Warm (>22°C)
583,2012-08-05,3,1,8,0,0,0,1,0.769167,0.731079,0.6525,0.290421,1707,3757,5464,Fall,Clear/Partly Cloudy,2012,Sun,31.54,36.55,65.25,19.46,Warm (>22°C)
584,2012-08-06,3,1,8,0,1,1,2,0.7525,0.710246,0.654167,0.129354,1233,5780,7013,Fall,Mist/Cloudy,2012,Mon,30.85,35.51,65.42,8.67,Warm (>22°C)
585,2012-08-07,3,1,8,0,2,1,2,0.735833,0.697621,0.70375,0.116908,1278,5995,7273,Fall,Mist/Cloudy,2012,Tue,30.17,34.88,70.38,7.83,Warm (>22°C)
586,2012-08-08,3,1,8,0,3,1,2,0.75,0.707717,0.672917,0.1107,1263,6271,7534,Fall,Mist/Cloudy,2012,Wed,30.75,35.39,67.29,7.42,Warm (>22°C)
587,2012-08-09,3,1,8,0,4,1,1,0.755833,0.699508,0.620417,0.1561,1196,6090,7286,Fall,Clear/Partly Cloudy,2012,Thu,30.99,34.98,62.04,10.46,Warm (>22°C)
588,2012-08-10,3,1,8,0,5,1,2,0.715833,0.667942,0.715833,0.238813,1065,4721,5786,Fall,Mist/Cloudy,2012,Fri,29.35,33.4,71.58,16.0,Warm (>22°C)
589,2012-08-11,3,1,8,0,6,0,2,0.6925,0.638267,0.732917,0.206479,2247,4052,6299,Fall,Mist/Cloudy,2012,Sat,28.39,31.91,73.29,13.83,Warm (>22°C)
590,2012-08-12,3,1,8,0,0,0,1,0.700833,0.644579,0.530417,0.122512,2182,4362,6544,Fall,Clear/Partly Cloudy,2012,Sun,28.73,32.23,53.04,8.21,Warm (>22°C)
591,2012-08-13,3,1,8,0,1,1,1,0.720833,0.662254,0.545417,0.136212,1207,5676,6883,Fall,Clear/Partly Cloudy,2012,Mon,29.55,33.11,54.54,9.13,Warm (>22°C)
592,2012-08-14,3,1,8,0,2,1,1,0.726667,0.676779,0.686667,0.169158,1128,5656,6784,Fall,Clear/Partly Cloudy,2012,Tue,29.79,33.84,68.67,11.33,Warm (>22°C)
593,2012-08-15,3,1,8,0,3,1,1,0.706667,0.654037,0.619583,0.169771,1198,6149,7347,Fall,Clear/Partly Cloudy,2012,Wed,28.97,32.7,61.96,11.37,Warm (>22°C)
594,2012-08-16,3,1,8,0,4,1,1,0.719167,0.654688,0.519167,0.141796,1338,6267,7605,Fall,Clear/Partly Cloudy,2012,Thu,29.49,32.73,51.92,9.5,Warm (>22°C)
595,2012-08-17,3,1,8,0,5,1,1,0.723333,0.2424,0.570833,0.231354,1483,5665,7148,Fall,Clear/Partly Cloudy,2012,Fri,29.66,12.12,57.08,15.5,Warm (>22°C)
596,2012-08-18,3,1,8,0,6,0,1,0.678333,0.618071,0.603333,0.177867,2827,5038,7865,Fall,Clear/Partly Cloudy,2012,Sat,27.81,30.9,60.33,11.92,Warm (>22°C)
597,2012-08-19,3,1,8,0,0,0,2,0.635833,0.603554,0.711667,0.08645,1208,3341,4549,Fall,Mist/Cloudy,2012,Sun,26.07,30.18,71.17,5.79,Warm (>22°C)
598,2012-08-20,3,1,8,0,1,1,2,0.635833,0.595967,0.734167,0.129979,1026,5504,6530,Fall,Mist/Cloudy,2012,Mon,26.07,29.8,73.42,8.71,Warm (>22°C)
599,2012-08-21,3,1,8,0,2,1,1,0.649167,0.601025,0.67375,0.0727708,1081,5925,7006,Fall,Clear/Partly Cloudy,2012,Tue,26.62,30.05,67.38,4.88,Warm (>22°C)
600,2012-08-22,3,1,8,0,3,1,1,0.6675,0.621854,0.677083,0.0702833,1094,6281,7375,Fall,Clear/Partly Cloudy,2012,Wed,27.37,31.09,67.71,4.71,Warm (>22°C)
601,2012-08-23,3,1,8,0,4,1,1,0.695833,0.637008,0.635833,0.0845958,1363,6402,7765,Fall,Clear/Partly Cloudy,2012,Thu,28.53,31.85,63.58,5.67,Warm (>22°C)
602,2012-08-24,3,1,8,0,5,1,2,0.7025,0.6471,0.615,0.0721458,1325,6257,7582,Fall,Mist/Cloudy,2012,Fri,28.8,32.36,61.5,4.83,Warm (>22°C)
603,2012-08-25,3,1,8,0,6,0,2,0.661667,0.618696,0.712917,0.244408,1829,4224,6053,Fall,Mist/Cloudy,2012,Sat,27.13,30.93,71.29,16.38,Warm (>22°C)
604,2012-08-26,3,1,8,0,0,0,2,0.653333,0.595996,0.845833,0.228858,1483,3772,5255,Fall,Mist/Cloudy,2012,Sun,26.79,29.8,84.58,15.33,Warm (>22°C)
605,2012-08-27,3,1,8,0,1,1,1,0.703333,0.654688,0.730417,0.128733,989,5928,6917,Fall,Clear/Partly Cloudy,2012,Mon,28.84,32.73,73.04,8.63,Warm (>22°C)
606,2012-08-28,3,1,8,0,2,1,1,0.728333,0.66605,0.62,0.190925,935,6105,7040,Fall,Clear/Partly Cloudy,2012,Tue,29.86,33.3,62.0,12.79,Warm (>22°C)
607,2012-08-29,3,1,8,0,3,1,1,0.685,0.635733,0.552083,0.112562,1177,6520,7697,Fall,Clear/Partly Cloudy,2012,Wed,28.08,31.79,55.21,7.54,Warm (>22°C)
608,2012-08-30,3,1,8,0,4,1,1,0.706667,0.652779,0.590417,0.0771167,1172,6541,7713,Fall,Clear/Partly Cloudy,2012,Thu,28.97,32.64,59.04,5.17,Warm (>22°C)
609,2012-08-31,3,1,8,0,5,1,1,0.764167,0.6894,0.5875,0.168533,1433,5917,7350,Fall,Clear/Partly Cloudy,2012,Fri,31.33,34.47,58.75,11.29,Warm (>22°C)
610,2012-09-01,3,1,9,0,6,0,2,0.753333,0.702654,0.638333,0.113187,2352,3788,6140,Fall,Mist/Cloudy,2012,Sat,30.89,35.13,63.83,7.58,Warm (>22°C)
611,2012-09-02,3,1,9,0,0,0,2,0.696667,0.649,0.815,0.0640708,2613,3197,5810,Fall,Mist/Cloudy,2012,Sun,28.56,32.45,81.5,4.29,Warm (>22°C)
612,2012-09-03,3,1,9,1,1,0,1,0.7075,0.661629,0.790833,0.151121,1965,4069,6034,Fall,Clear/Partly Cloudy,2012,Mon,29.01,33.08,79.08,10.13,Warm (>22°C)
613,2012-09-04,3,1,9,0,2,1,1,0.725833,0.686888,0.755,0.236321,867,5997,6864,Fall,Clear/Partly Cloudy,2012,Tue,29.76,34.34,75.5,15.83,Warm (>22°C)
614,2012-09-05,3,1,9,0,3,1,1,0.736667,0.708983,0.74125,0.187808,832,6280,7112,Fall,Clear/Partly Cloudy,2012,Wed,30.2,35.45,74.12,12.58,Warm (>22°C)
615,2012-09-06,3,1,9,0,4,1,2,0.696667,0.655329,0.810417,0.142421,611,5592,6203,Fall,Mist/Cloudy,2012,Thu,28.56,32.77,81.04,9.54,Warm (>22°C)
616,2012-09-07,3,1,9,0,5,1,1,0.703333,0.657204,0.73625,0.171646,1045,6459,7504,Fall,Clear/Partly Cloudy,2012,Fri,28.84,32.86,73.62,11.5,Warm (>22°C)
617,2012-09-08,3,1,9,0,6,0,2,0.659167,0.611121,0.799167,0.281104,1557,4419,5976,Fall,Mist/Cloudy,2012,Sat,27.03,30.56,79.92,18.83,Warm (>22°C)
618,2012-09-09,3,1,9,0,0,0,1,0.61,0.578925,0.5475,0.224496,2570,5657,8227,Fall,Clear/Partly Cloudy,2012,Sun,25.01,28.95,54.75,15.04,Warm (>22°C)
619,2012-09-10,3,1,9,0,1,1,1,0.583333,0.565654,0.50375,0.258713,1118,6407,7525,Fall,Clear/Partly Cloudy,2012,Mon,23.92,28.28,50.38,17.33,Warm (>22°C)
620,2012-09-11,3,1,9,0,2,1,1,0.5775,0.554292,0.52,0.0920542,1070,6697,7767,Fall,Clear/Partly Cloudy,2012,Tue,23.68,27.71,52.0,6.17,Warm (>22°C)
621,2012-09-12,3,1,9,0,3,1,1,0.599167,0.570075,0.577083,0.131846,1050,6820,7870,Fall,Clear/Partly Cloudy,2012,Wed,24.57,28.5,57.71,8.83,Warm (>22°C)
622,2012-09-13,3,1,9,0,4,1,1,0.6125,0.579558,0.637083,0.0827208,1054,6750,7804,Fall,Clear/Partly Cloudy,2012,Thu,25.11,28.98,63.71,5.54,Warm (>22°C)
623,2012-09-14,3,1,9,0,5,1,1,0.633333,0.594083,0.6725,0.103863,1379,6630,8009,Fall,Clear/Partly Cloudy,2012,Fri,25.97,29.7,67.25,6.96,Warm (>22°C)
624,2012-09-15,3,1,9,0,6,0,1,0.608333,0.585867,0.501667,0.247521,3160,5554,8714,Fall,Clear/Partly Cloudy,2012,Sat,24.94,29.29,50.17,16.58,Warm (>22°C)
625,2012-09-16,3,1,9,0,0,0,1,0.58,0.563125,0.57,0.0901833,2166,5167,7333,Fall,Clear/Partly Cloudy,2012,Sun,23.78,28.16,57.0,6.04,Warm (>22°C)
626,2012-09-17,3,1,9,0,1,1,2,0.580833,0.55305,0.734583,0.151742,1022,5847,6869,Fall,Mist/Cloudy,2012,Mon,23.81,27.65,73.46,10.17,Warm (>22°C)
627,2012-09-18,3,1,9,0,2,1,2,0.623333,0.565067,0.8725,0.357587,371,3702,4073,Fall,Mist/Cloudy,2012,Tue,25.56,28.25,87.25,23.96,Warm (>22°C)
628,2012-09-19,3,1,9,0,3,1,1,0.5525,0.540404,0.536667,0.215175,788,6803,7591,Fall,Clear/Partly Cloudy,2012,Wed,22.65,27.02,53.67,14.42,Warm (>22°C)
629,2012-09-20,3,1,9,0,4,1,1,0.546667,0.532192,0.618333,0.118167,939,6781,7720,Fall,Clear/Partly Cloudy,2012,Thu,22.41,26.61,61.83,7.92,Warm (>22°C)
630,2012-09-21,3,1,9,0,5,1,1,0.599167,0.571971,0.66875,0.154229,1250,6917,8167,Fall,Clear/Partly Cloudy,2012,Fri,24.57,28.6,66.88,10.33,Warm (>22°C)
631,2012-09-22,3,1,9,0,6,0,1,0.65,0.610488,0.646667,0.283583,2512,5883,8395,Fall,Clear/Partly Cloudy,2012,Sat,26.65,30.52,64.67,19.0,Warm (>22°C)
632,2012-09-23,4,1,9,0,0,0,1,0.529167,0.518933,0.467083,0.223258,2454,5453,7907,Winter,Clear/Partly Cloudy,2012,Sun,21.7,25.95,46.71,14.96,Mild (12-22°C)
633,2012-09-24,4,1,9,0,1,1,1,0.514167,0.502513,0.492917,0.142404,1001,6435,7436,Winter,Clear/Partly Cloudy,2012,Mon,21.08,25.13,49.29,9.54,Mild (12-22°C)
634,2012-09-25,4,1,9,0,2,1,1,0.55,0.544179,0.57,0.236321,845,6693,7538,Winter,Clear/Partly Cloudy,2012,Tue,22.55,27.21,57.0,15.83,Warm (>22°C)
635,2012-09-26,4,1,9,0,3,1,1,0.635,0.596613,0.630833,0.2444,787,6946,7733,Winter,Clear/Partly Cloudy,2012,Wed,26.04,29.83,63.08,16.37,Warm (>22°C)
636,2012-09-27,4,1,9,0,4,1,2,0.65,0.607975,0.690833,0.134342,751,6642,7393,Winter,Mist/Cloudy,2012,Thu,26.65,30.4,69.08,9.0,Warm (>22°C)
637,2012-09-28,4,1,9,0,5,1,2,0.619167,0.585863,0.69,0.164179,1045,6370,7415,Winter,Mist/Cloudy,2012,Fri,25.39,29.29,69.0,11.0,Warm (>22°C)
638,2012-09-29,4,1,9,0,6,0,1,0.5425,0.530296,0.542917,0.227604,2589,5966,8555,Winter,Clear/Partly Cloudy,2012,Sat,22.24,26.51,54.29,15.25,Warm (>22°C)
639,2012-09-30,4,1,9,0,0,0,1,0.526667,0.517663,0.583333,0.134958,2015,4874,6889,Winter,Clear/Partly Cloudy,2012,Sun,21.59,25.88,58.33,9.04,Mild (12-22°C)
640,2012-10-01,4,1,10,0,1,1,2,0.520833,0.512,0.649167,0.0908042,763,6015,6778,Winter,Mist/Cloudy,2012,Mon,21.35,25.6,64.92,6.08,Mild (12-22°C)
641,2012-10-02,4,1,10,0,2,1,3,0.590833,0.542333,0.871667,0.104475,315,4324,4639,Winter,Light Snow/Rain,2012,Tue,24.22,27.12,87.17,7.0,Warm (>22°C)
642,2012-10-03,4,1,10,0,3,1,2,0.6575,0.599133,0.79375,0.0665458,728,6844,7572,Winter,Mist/Cloudy,2012,Wed,26.96,29.96,79.38,4.46,Warm (>22°C)
643,2012-10-04,4,1,10,0,4,1,2,0.6575,0.607975,0.722917,0.117546,891,6437,7328,Winter,Mist/Cloudy,2012,Thu,26.96,30.4,72.29,7.88,Warm (>22°C)
644,2012-10-05,4,1,10,0,5,1,1,0.615,0.580187,0.6275,0.10635,1516,6640,8156,Winter,Clear/Partly Cloudy,2012,Fri,25.22,29.01,62.75,7.13,Warm (>22°C)
645,2012-10-06,4,1,10,0,6,0,1,0.554167,0.538521,0.664167,0.268025,3031,4934,7965,Winter,Clear/Partly Cloudy,2012,Sat,22.72,26.93,66.42,17.96,Warm (>22°C)
646,2012-10-07,4,1,10,0,0,0,2,0.415833,0.419813,0.708333,0.141162,781,2729,3510,Winter,Mist/Cloudy,2012,Sun,17.05,20.99,70.83,9.46,Mild (12-22°C)
647,2012-10-08,4,1,10,1,1,0,2,0.383333,0.387608,0.709583,0.189679,874,4604,5478,Winter,Mist/Cloudy,2012,Mon,15.72,19.38,70.96,12.71,Mild (12-22°C)
648,2012-10-09,4,1,10,0,2,1,2,0.446667,0.438112,0.761667,0.1903,601,5791,6392,Winter,Mist/Cloudy,2012,Tue,18.31,21.91,76.17,12.75,Mild (12-22°C)
649,2012-10-10,4,1,10,0,3,1,1,0.514167,0.503142,0.630833,0.187821,780,6911,7691,Winter,Clear/Partly Cloudy,2012,Wed,21.08,25.16,63.08,12.58,Mild (12-22°C)
650,2012-10-11,4,1,10,0,4,1,1,0.435,0.431167,0.463333,0.181596,834,6736,7570,Winter,Clear/Partly Cloudy,2012,Thu,17.84,21.56,46.33,12.17,Mild (12-22°C)
651,2012-10-12,4,1,10,0,5,1,1,0.4375,0.433071,0.539167,0.235092,1060,6222,7282,Winter,Clear/Partly Cloudy,2012,Fri,17.94,21.65,53.92,15.75,Mild (12-22°C)
652,2012-10-13,4,1,10,0,6,0,1,0.393333,0.391396,0.494583,0.146142,2252,4857,7109,Winter,Clear/Partly Cloudy,2012,Sat,16.13,19.57,49.46,9.79,Mild (12-22°C)
653,2012-10-14,4,1,10,0,0,0,1,0.521667,0.508204,0.640417,0.278612,2080,4559,6639,Winter,Clear/Partly Cloudy,2012,Sun,21.39,25.41,64.04,18.67,Mild (12-22°C)
654,2012-10-15,4,1,10,0,1,1,2,0.561667,0.53915,0.7075,0.296037,760,5115,5875,Winter,Mist/Cloudy,2012,Mon,23.03,26.96,70.75,19.83,Warm (>22°C)
655,2012-10-16,4,1,10,0,2,1,1,0.468333,0.460846,0.558333,0.182221,922,6612,7534,Winter,Clear/Partly Cloudy,2012,Tue,19.2,23.04,55.83,12.21,Mild (12-22°C)
656,2012-10-17,4,1,10,0,3,1,1,0.455833,0.450108,0.692917,0.101371,979,6482,7461,Winter,Clear/Partly Cloudy,2012,Wed,18.69,22.51,69.29,6.79,Mild (12-22°C)
657,2012-10-18,4,1,10,0,4,1,2,0.5225,0.512625,0.728333,0.236937,1008,6501,7509,Winter,Mist/Cloudy,2012,Thu,21.42,25.63,72.83,15.87,Mild (12-22°C)
658,2012-10-19,4,1,10,0,5,1,2,0.563333,0.537896,0.815,0.134954,753,4671,5424,Winter,Mist/Cloudy,2012,Fri,23.1,26.89,81.5,9.04,Warm (>22°C)
659,2012-10-20,4,1,10,0,6,0,1,0.484167,0.472842,0.572917,0.117537,2806,5284,8090,Winter,Clear/Partly Cloudy,2012,Sat,19.85,23.64,57.29,7.87,Mild (12-22°C)
660,2012-10-21,4,1,10,0,0,0,1,0.464167,0.456429,0.51,0.166054,2132,4692,6824,Winter,Clear/Partly Cloudy,2012,Sun,19.03,22.82,51.0,11.13,Mild (12-22°C)
661,2012-10-22,4,1,10,0,1,1,1,0.4875,0.482942,0.568333,0.0814833,830,6228,7058,Winter,Clear/Partly Cloudy,2012,Mon,19.99,24.15,56.83,5.46,Mild (12-22°C)
662,2012-10-23,4,1,10,0,2,1,1,0.544167,0.530304,0.641667,0.0945458,841,6625,7466,Winter,Clear/Partly Cloudy,2012,Tue,22.31,26.52,64.17,6.33,Warm (>22°C)
663,2012-10-24,4,1,10,0,3,1,1,0.5875,0.558721,0.63625,0.0727792,795,6898,7693,Winter,Clear/Partly Cloudy,2012,Wed,24.09,27.94,63.62,4.88,Warm (>22°C)
664,2012-10-25,4,1,10,0,4,1,2,0.55,0.529688,0.800417,0.124375,875,6484,7359,Winter,Mist/Cloudy,2012,Thu,22.55,26.48,80.04,8.33,Warm (>22°C)
665,2012-10-26,4,1,10,0,5,1,2,0.545833,0.52275,0.807083,0.132467,1182,6262,7444,Winter,Mist/Cloudy,2012,Fri,22.38,26.14,80.71,8.88,Warm (>22°C)
666,2012-10-27,4,1,10,0,6,0,2,0.53,0.515133,0.72,0.235692,2643,5209,7852,Winter,Mist/Cloudy,2012,Sat,21.73,25.76,72.0,15.79,Mild (12-22°C)
667,2012-10-28,4,1,10,0,0,0,2,0.4775,0.467771,0.694583,0.398008,998,3461,4459,Winter,Mist/Cloudy,2012,Sun,19.58,23.39,69.46,26.67,Mild (12-22°C)
668,2012-10-29,4,1,10,0,1,1,3,0.44,0.4394,0.88,0.3582,2,20,22,Winter,Light Snow/Rain,2012,Mon,18.04,21.97,88.0,24.0,Mild (12-22°C)
669,2012-10-30,4,1,10,0,2,1,2,0.318182,0.309909,0.825455,0.213009,87,1009,1096,Winter,Mist/Cloudy,2012,Tue,13.05,15.5,82.55,14.27,Mild (12-22°C)
670,2012-10-31,4,1,10,0,3,1,2,0.3575,0.3611,0.666667,0.166667,419,5147,5566,Winter,Mist/Cloudy,2012,Wed,14.66,18.06,66.67,11.17,Mild (12-22°C)
671,2012-11-01,4,1,11,0,4,1,2,0.365833,0.369942,0.581667,0.157346,466,5520,5986,Winter,Mist/Cloudy,2012,Thu,15.0,18.5,58.17,10.54,Mild (12-22°C)
672,2012-11-02,4,1,11,0,5,1,1,0.355,0.356042,0.522083,0.266175,618,5229,5847,Winter,Clear/Partly Cloudy,2012,Fri,14.56,17.8,52.21,17.83,Mild (12-22°C)
673,2012-11-03,4,1,11,0,6,0,2,0.343333,0.323846,0.49125,0.270529,1029,4109,5138,Winter,Mist/Cloudy,2012,Sat,14.08,16.19,49.12,18.13,Mild (12-22°C)
674,2012-11-04,4,1,11,0,0,0,1,0.325833,0.329538,0.532917,0.179108,1201,3906,5107,Winter,Clear/Partly Cloudy,2012,Sun,13.36,16.48,53.29,12.0,Mild (12-22°C)
675,2012-11-05,4,1,11,0,1,1,1,0.319167,0.308075,0.494167,0.236325,378,4881,5259,Winter,Clear/Partly Cloudy,2012,Mon,13.09,15.4,49.42,15.83,Mild (12-22°C)
676,2012-11-06,4,1,11,0,2,1,1,0.280833,0.281567,0.567083,0.173513,466,5220,5686,Winter,Clear/Partly Cloudy,2012,Tue,11.51,14.08,56.71,11.63,Cold (<12°C)
677,2012-11-07,4,1,11,0,3,1,2,0.295833,0.274621,0.5475,0.304108,326,4709,5035,Winter,Mist/Cloudy,2012,Wed,12.13,13.73,54.75,20.38,Mild (12-22°C)
678,2012-11-08,4,1,11,0,4,1,1,0.352174,0.341891,0.333478,0.347835,340,4975,5315,Winter,Clear/Partly Cloudy,2012,Thu,14.44,17.09,33.35,23.3,Mild (12-22°C)
679,2012-11-09,4,1,11,0,5,1,1,0.361667,0.355413,0.540833,0.214558,709,5283,5992,Winter,Clear/Partly Cloudy,2012,Fri,14.83,17.77,54.08,14.38,Mild (12-22°C)
680,2012-11-10,4,1,11,0,6,0,1,0.389167,0.393937,0.645417,0.0578458,2090,4446,6536,Winter,Clear/Partly Cloudy,2012,Sat,15.96,19.7,64.54,3.88,Mild (12-22°C)
681,2012-11-11,4,1,11,0,0,0,1,0.420833,0.421713,0.659167,0.1275,2290,4562,6852,Winter,Clear/Partly Cloudy,2012,Sun,17.25,21.09,65.92,8.54,Mild (12-22°C)
682,2012-11-12,4,1,11,1,1,0,1,0.485,0.475383,0.741667,0.173517,1097,5172,6269,Winter,Clear/Partly Cloudy,2012,Mon,19.88,23.77,74.17,11.63,Mild (12-22°C)
683,2012-11-13,4,1,11,0,2,1,2,0.343333,0.323225,0.662917,0.342046,327,3767,4094,Winter,Mist/Cloudy,2012,Tue,14.08,16.16,66.29,22.92,Mild (12-22°C)
684,2012-11-14,4,1,11,0,3,1,1,0.289167,0.281563,0.552083,0.199625,373,5122,5495,Winter,Clear/Partly Cloudy,2012,Wed,11.86,14.08,55.21,13.37,Cold (<12°C)
685,2012-11-15,4,1,11,0,4,1,2,0.321667,0.324492,0.620417,0.152987,320,5125,5445,Winter,Mist/Cloudy,2012,Thu,13.19,16.22,62.04,10.25,Mild (12-22°C)
686,2012-11-16,4,1,11,0,5,1,1,0.345,0.347204,0.524583,0.171025,484,5214,5698,Winter,Clear/Partly Cloudy,2012,Fri,14.14,17.36,52.46,11.46,Mild (12-22°C)
687,2012-11-17,4,1,11,0,6,0,1,0.325,0.326383,0.545417,0.179729,1313,4316,5629,Winter,Clear/Partly Cloudy,2012,Sat,13.32,16.32,54.54,12.04,Mild (12-22°C)
688,2012-11-18,4,1,11,0,0,0,1,0.3425,0.337746,0.692917,0.227612,922,3747,4669,Winter,Clear/Partly Cloudy,2012,Sun,14.04,16.89,69.29,15.25,Mild (12-22°C)
689,2012-11-19,4,1,11,0,1,1,2,0.380833,0.375621,0.623333,0.235067,449,5050,5499,Winter,Mist/Cloudy,2012,Mon,15.61,18.78,62.33,15.75,Mild (12-22°C)
690,2012-11-20,4,1,11,0,2,1,2,0.374167,0.380667,0.685,0.082725,534,5100,5634,Winter,Mist/Cloudy,2012,Tue,15.34,19.03,68.5,5.54,Mild (12-22°C)
691,2012-11-21,4,1,11,0,3,1,1,0.353333,0.364892,0.61375,0.103246,615,4531,5146,Winter,Clear/Partly Cloudy,2012,Wed,14.49,18.24,61.38,6.92,Mild (12-22°C)
692,2012-11-22,4,1,11,1,4,0,1,0.34,0.350371,0.580417,0.0528708,955,1470,2425,Winter,Clear/Partly Cloudy,2012,Thu,13.94,17.52,58.04,3.54,Mild (12-22°C)
693,2012-11-23,4,1,11,0,5,1,1,0.368333,0.378779,0.56875,0.148021,1603,2307,3910,Winter,Clear/Partly Cloudy,2012,Fri,15.1,18.94,56.88,9.92,Mild (12-22°C)
694,2012-11-24,4,1,11,0,6,0,1,0.278333,0.248742,0.404583,0.376871,532,1745,2277,Winter,Clear/Partly Cloudy,2012,Sat,11.41,12.44,40.46,25.25,Cold (<12°C)
695,2012-11-25,4,1,11,0,0,0,1,0.245833,0.257583,0.468333,0.1505,309,2115,2424,Winter,Clear/Partly Cloudy,2012,Sun,10.08,12.88,46.83,10.08,Cold (<12°C)
696,2012-11-26,4,1,11,0,1,1,1,0.313333,0.339004,0.535417,0.04665,337,4750,5087,Winter,Clear/Partly Cloudy,2012,Mon,12.85,16.95,53.54,3.13,Mild (12-22°C)
697,2012-11-27,4,1,11,0,2,1,2,0.291667,0.281558,0.786667,0.237562,123,3836,3959,Winter,Mist/Cloudy,2012,Tue,11.96,14.08,78.67,15.92,Cold (<12°C)
698,2012-11-28,4,1,11,0,3,1,1,0.296667,0.289762,0.50625,0.210821,198,5062,5260,Winter,Clear/Partly Cloudy,2012,Wed,12.16,14.49,50.62,14.13,Mild (12-22°C)
699,2012-11-29,4,1,11,0,4,1,1,0.28087,0.298422,0.555652,0.115522,243,5080,5323,Winter,Clear/Partly Cloudy,2012,Thu,11.52,14.92,55.57,7.74,Cold (<12°C)
700,2012-11-30,4,1,11,0,5,1,1,0.298333,0.323867,0.649583,0.0584708,362,5306,5668,Winter,Clear/Partly Cloudy,2012,Fri,12.23,16.19,64.96,3.92,Mild (12-22°C)
701,2012-12-01,4,1,12,0,6,0,2,0.298333,0.316904,0.806667,0.0597042,951,4240,5191,Winter,Mist/Cloudy,2012,Sat,12.23,15.85,80.67,4.0,Mild (12-22°C)
702,2012-12-02,4,1,12,0,0,0,2,0.3475,0.359208,0.823333,0.124379,892,3757,4649,Winter,Mist/Cloudy,2012,Sun,14.25,17.96,82.33,8.33,Mild (12-22°C)
703,2012-12-03,4,1,12,0,1,1,1,0.4525,0.455796,0.7675,0.0827208,555,5679,6234,Winter,Clear/Partly Cloudy,2012,Mon,18.55,22.79,76.75,5.54,Mild (12-22°C)
704,2012-12-04,4,1,12,0,2,1,1,0.475833,0.469054,0.73375,0.174129,551,6055,6606,Winter,Clear/Partly Cloudy,2012,Tue,19.51,23.45,73.38,11.67,Mild (12-22°C)
705,2012-12-05,4,1,12,0,3,1,1,0.438333,0.428012,0.485,0.324021,331,5398,5729,Winter,Clear/Partly Cloudy,2012,Wed,17.97,21.4,48.5,21.71,Mild (12-22°C)
706,2012-12-06,4,1,12,0,4,1,1,0.255833,0.258204,0.50875,0.174754,340,5035,5375,Winter,Clear/Partly Cloudy,2012,Thu,10.49,12.91,50.88,11.71,Cold (<12°C)
707,2012-12-07,4,1,12,0,5,1,2,0.320833,0.321958,0.764167,0.1306,349,4659,5008,Winter,Mist/Cloudy,2012,Fri,13.15,16.1,76.42,8.75,Mild (12-22°C)
708,2012-12-08,4,1,12,0,6,0,2,0.381667,0.389508,0.91125,0.101379,1153,4429,5582,Winter,Mist/Cloudy,2012,Sat,15.65,19.48,91.12,6.79,Mild (12-22°C)
709,2012-12-09,4,1,12,0,0,0,2,0.384167,0.390146,0.905417,0.157975,441,2787,3228,Winter,Mist/Cloudy,2012,Sun,15.75,19.51,90.54,10.58,Mild (12-22°C)
710,2012-12-10,4,1,12,0,1,1,2,0.435833,0.435575,0.925,0.190308,329,4841,5170,Winter,Mist/Cloudy,2012,Mon,17.87,21.78,92.5,12.75,Mild (12-22°C)
711,2012-12-11,4,1,12,0,2,1,2,0.353333,0.338363,0.596667,0.296037,282,5219,5501,Winter,Mist/Cloudy,2012,Tue,14.49,16.92,59.67,19.83,Mild (12-22°C)
712,2012-12-12,4,1,12,0,3,1,2,0.2975,0.297338,0.538333,0.162937,310,5009,5319,Winter,Mist/Cloudy,2012,Wed,12.2,14.87,53.83,10.92,Mild (12-22°C)
713,2012-12-13,4,1,12,0,4,1,1,0.295833,0.294188,0.485833,0.174129,425,5107,5532,Winter,Clear/Partly Cloudy,2012,Thu,12.13,14.71,48.58,11.67,Mild (12-22°C)
714,2012-12-14,4,1,12,0,5,1,1,0.281667,0.294192,0.642917,0.131229,429,5182,5611,Winter,Clear/Partly Cloudy,2012,Fri,11.55,14.71,64.29,8.79,Cold (<12°C)
715,2012-12-15,4,1,12,0,6,0,1,0.324167,0.338383,0.650417,0.10635,767,4280,5047,Winter,Clear/Partly Cloudy,2012,Sat,13.29,16.92,65.04,7.13,Mild (12-22°C)
716,2012-12-16,4,1,12,0,0,0,2,0.3625,0.369938,0.83875,0.100742,538,3248,3786,Winter,Mist/Cloudy,2012,Sun,14.86,18.5,83.88,6.75,Mild (12-22°C)
717,2012-12-17,4,1,12,0,1,1,2,0.393333,0.4015,0.907083,0.0982583,212,4373,4585,Winter,Mist/Cloudy,2012,Mon,16.13,20.08,90.71,6.58,Mild (12-22°C)
718,2012-12-18,4,1,12,0,2,1,1,0.410833,0.409708,0.66625,0.221404,433,5124,5557,Winter,Clear/Partly Cloudy,2012,Tue,16.84,20.49,66.62,14.83,Mild (12-22°C)
719,2012-12-19,4,1,12,0,3,1,1,0.3325,0.342162,0.625417,0.184092,333,4934,5267,Winter,Clear/Partly Cloudy,2012,Wed,13.63,17.11,62.54,12.33,Mild (12-22°C)
720,2012-12-20,4,1,12,0,4,1,2,0.33,0.335217,0.667917,0.132463,314,3814,4128,Winter,Mist/Cloudy,2012,Thu,13.53,16.76,66.79,8.88,Mild (12-22°C)
721,2012-12-21,1,1,12,0,5,1,2,0.326667,0.301767,0.556667,0.374383,221,3402,3623,Spring,Mist/Cloudy,2012,Fri,13.39,15.09,55.67,25.08,Mild (12-22°C)
722,2012-12-22,1,1,12,0,6,0,1,0.265833,0.236113,0.44125,0.407346,205,1544,1749,Spring,Clear/Partly Cloudy,2012,Sat,10.9,11.81,44.12,27.29,Cold (<12°C)
723,2012-12-23,1,1,12,0,0,0,1,0.245833,0.259471,0.515417,0.133083,408,1379,1787,Spring,Clear/Partly Cloudy,2012,Sun,10.08,12.97,51.54,8.92,Cold (<12°C)
724,2012-12-24,1,1,12,0,1,1,2,0.231304,0.2589,0.791304,0.0772304,174,746,920,Spring,Mist/Cloudy,2012,Mon,9.48,12.94,79.13,5.17,Cold (<12°C)
725,2012-12-25,1,1,12,1,2,0,2,0.291304,0.294465,0.734783,0.168726,440,573,1013,Spring,Mist/Cloudy,2012,Tue,11.94,14.72,73.48,11.3,Cold (<12°C)
726,2012-12-26,1,1,12,0,3,1,3,0.243333,0.220333,0.823333,0.316546,9,432,441,Spring,Light Snow/Rain,2012,Wed,9.98,11.02,82.33,21.21,Cold (<12°C)
727,2012-12-27,1,1,12,0,4,1,2,0.254167,0.226642,0.652917,0.350133,247,1867,2114,Spring,Mist/Cloudy,2012,Thu,10.42,11.33,65.29,23.46,Cold (<12°C)
728,2012-12-28,1,1,12,0,5,1,2,0.253333,0.255046,0.59,0.155471,644,2451,3095,Spring,Mist/Cloudy,2012,Fri,10.39,12.75,59.0,10.42,Cold (<12°C)
729,2012-12-29,1,1,12,0,6,0,2,0.253333,0.2424,0.752917,0.124383,159,1182,1341,Spring,Mist/Cloudy,2012,Sat,10.39,12.12,75.29,8.33,Cold (<12°C)
730,2012-12-30,1,1,12,0,0,0,1,0.255833,0.2317,0.483333,0.350754,364,1432,1796,Spring,Clear/Partly Cloudy,2012,Sun,10.49,11.58,48.33,23.5,Cold (<12°C)
731,2012-12-31,1,1,12,0,1,1,2,0.215833,0.223487,0.5775,0.154846,439,2290,2729,Spring,Mist/Cloudy,2012,Mon,8.85,11.17,57.75,10.37,Cold (<12°C)
